USE focusflow;

SET FOREIGN_KEY_CHECKS = 0;


-- institutions (6 rows)
-- ==================================================
INSERT INTO institutions (institution_id, name, type) VALUES (1, 'Northeastern University', 'university');
INSERT INTO institutions (institution_id, name, type) VALUES (2, 'Boston University', 'university');
INSERT INTO institutions (institution_id, name, type) VALUES (3, 'MIT', 'university');
INSERT INTO institutions (institution_id, name, type) VALUES (4, 'Harvard University', 'university');
INSERT INTO institutions (institution_id, name, type) VALUES (5, 'Tufts University', 'university');
INSERT INTO institutions (institution_id, name, type) VALUES (6, 'FocusFlow Inc.', 'company');

-- departments (24 rows)
-- ==================================================
INSERT INTO departments (department_id, institution_id, name) VALUES (1, 1, 'Mathematics');
INSERT INTO departments (department_id, institution_id, name) VALUES (2, 1, 'Health Sciences');
INSERT INTO departments (department_id, institution_id, name) VALUES (3, 1, 'Engineering');
INSERT INTO departments (department_id, institution_id, name) VALUES (4, 1, 'Education');
INSERT INTO departments (department_id, institution_id, name) VALUES (5, 2, 'Art and Media');
INSERT INTO departments (department_id, institution_id, name) VALUES (6, 2, 'Business');
INSERT INTO departments (department_id, institution_id, name) VALUES (7, 2, 'Philosophy');
INSERT INTO departments (department_id, institution_id, name) VALUES (8, 2, 'Computer Science');
INSERT INTO departments (department_id, institution_id, name) VALUES (9, 3, 'Education');
INSERT INTO departments (department_id, institution_id, name) VALUES (10, 3, 'Health Sciences');
INSERT INTO departments (department_id, institution_id, name) VALUES (11, 3, 'Mathematics');
INSERT INTO departments (department_id, institution_id, name) VALUES (12, 3, 'Economics');
INSERT INTO departments (department_id, institution_id, name) VALUES (13, 4, 'Economics');
INSERT INTO departments (department_id, institution_id, name) VALUES (14, 4, 'Law');
INSERT INTO departments (department_id, institution_id, name) VALUES (15, 4, 'Health Sciences');
INSERT INTO departments (department_id, institution_id, name) VALUES (16, 4, 'Humanities');
INSERT INTO departments (department_id, institution_id, name) VALUES (17, 5, 'Social Science');
INSERT INTO departments (department_id, institution_id, name) VALUES (18, 5, 'Engineering');
INSERT INTO departments (department_id, institution_id, name) VALUES (19, 5, 'Philosophy');
INSERT INTO departments (department_id, institution_id, name) VALUES (20, 5, 'Health Sciences');
INSERT INTO departments (department_id, institution_id, name) VALUES (21, 6, 'Business');
INSERT INTO departments (department_id, institution_id, name) VALUES (22, 6, 'Economics');
INSERT INTO departments (department_id, institution_id, name) VALUES (23, 6, 'Law');
INSERT INTO departments (department_id, institution_id, name) VALUES (24, 6, 'Humanities');

-- users (49 rows)
-- ==================================================
INSERT INTO users (user_id, institution_id, department_id, first_name, last_name, email, password, role, major, year) VALUES (1, 1, 1, 'Angel', 'Hill', 'donaldgarcia@example.net', '93446f17ed6457b1cbbee6e7fdb203dc137bcc0f1ac76a00d0eaa5fd091c', 'professor', NULL, NULL);
INSERT INTO users (user_id, institution_id, department_id, first_name, last_name, email, password, role, major, year) VALUES (2, 1, 2, 'Christopher', 'Henderson', 'davisjesse@example.net', 'b23f41afa5f47b191d275cc24f063272e9a95f5b36225f9c2de2821b6b27', 'professor', NULL, NULL);
INSERT INTO users (user_id, institution_id, department_id, first_name, last_name, email, password, role, major, year) VALUES (3, 1, 3, 'James', 'Santos', 'lrobinson@example.com', '041828bfb2b507286d459b4761be88803195fcc70eeeb1f5da630dda1216', 'professor', NULL, NULL);
INSERT INTO users (user_id, institution_id, department_id, first_name, last_name, email, password, role, major, year) VALUES (4, 1, 4, 'Adam', 'Shaffer', 'jpeterson@example.org', 'e5c3a3eab2dfaa06909c048da252ff9c315b6946a2ab2418bd99c755caee', 'professor', NULL, NULL);
INSERT INTO users (user_id, institution_id, department_id, first_name, last_name, email, password, role, major, year) VALUES (5, 2, 5, 'Matthew', 'Davis', 'howardmaurice@example.com', '761d6a1bf9580e75cfa815a19e7e69f30b50e13883934096cf5d37d8adb1', 'professor', NULL, NULL);
INSERT INTO users (user_id, institution_id, department_id, first_name, last_name, email, password, role, major, year) VALUES (6, 2, 6, 'Jessica', 'Herrera', 'smiller@example.net', '8d61c59accd90a8851bc7c24ce4d05b02a4f70cd6a2055ec9cb812fbe5d0', 'professor', NULL, NULL);
INSERT INTO users (user_id, institution_id, department_id, first_name, last_name, email, password, role, major, year) VALUES (7, 2, 7, 'Michelle', 'Ray', 'williamsjeremy@example.com', '1fe2de3ac63cab6d1e6d3392b40fea0e1c8fd3ee1dcc23403d6941a8c72d', 'professor', NULL, NULL);
INSERT INTO users (user_id, institution_id, department_id, first_name, last_name, email, password, role, major, year) VALUES (8, 2, 8, 'Melissa', 'Delacruz', 'oramirez@example.com', 'ed6b39b3bb6f6a4a5ae207dc60ffa1c6ffa1456cf4b13836ff7e78191164', 'professor', NULL, NULL);
INSERT INTO users (user_id, institution_id, department_id, first_name, last_name, email, password, role, major, year) VALUES (9, 3, 9, 'Michael', 'Santiago', 'lynchgeorge@example.net', 'd4b196b5cd9f19ce309caa8db9b07a56eec5076a3728092d52d18e7b58de', 'professor', NULL, NULL);
INSERT INTO users (user_id, institution_id, department_id, first_name, last_name, email, password, role, major, year) VALUES (10, 3, 10, 'Steven', 'Nelson', 'gabriellecameron@example.org', '2f26e3fe0b795d16831fe3408e4ac6540f62d39a9a60d22a709e422e3633', 'professor', NULL, NULL);
INSERT INTO users (user_id, institution_id, department_id, first_name, last_name, email, password, role, major, year) VALUES (11, 3, 11, 'Antonio', 'Stewart', 'carl95@example.org', '92aa91f91a0a1660cc8b38a2f9fe97b1c0e1d0452bed70d894a0db7b5d31', 'professor', NULL, NULL);
INSERT INTO users (user_id, institution_id, department_id, first_name, last_name, email, password, role, major, year) VALUES (12, 3, 12, 'Randall', 'Rocha', 'ithomas@example.org', '267b88a1460dc7357b9956dca500a2badcdaacaeaac7b1c817d43f7e565c', 'professor', NULL, NULL);
INSERT INTO users (user_id, institution_id, department_id, first_name, last_name, email, password, role, major, year) VALUES (13, 4, 13, 'Amber', 'Burgess', 'zhurst@example.com', 'e800ed97f10c402b7f4e3a65519a98190824f03558ce2fe7e5ad543f80d6', 'professor', NULL, NULL);
INSERT INTO users (user_id, institution_id, department_id, first_name, last_name, email, password, role, major, year) VALUES (14, 4, 14, 'Whitney', 'Hicks', 'camposmichelle@example.org', '528a0ba6937407022a0b6ab2b585d67c2d34910b599f40a76b083229b399', 'professor', NULL, NULL);
INSERT INTO users (user_id, institution_id, department_id, first_name, last_name, email, password, role, major, year) VALUES (15, 4, 15, 'Laura', 'Henderson', 'cruzcaitlin@example.com', '7960aba4c47868e5b3e1328769dca8c1f025cd845f7b502b875ba30c5236', 'professor', NULL, NULL);
INSERT INTO users (user_id, institution_id, department_id, first_name, last_name, email, password, role, major, year) VALUES (16, 4, 16, 'Tasha', 'Valencia', 'frazierdanny@example.net', '2660672dc64a0ae0b3c3b49549ba01bb4ae3d9aebb690e87db0ef7957ef4', 'professor', NULL, NULL);
INSERT INTO users (user_id, institution_id, department_id, first_name, last_name, email, password, role, major, year) VALUES (17, 5, 17, 'Kayla', 'Peterson', 'ryan70@example.net', '32c23b80181cdf52be16c3fbf2bc5bc3b713cb596449a76be09e5bfed67a', 'professor', NULL, NULL);
INSERT INTO users (user_id, institution_id, department_id, first_name, last_name, email, password, role, major, year) VALUES (18, 5, 18, 'Jose', 'Mason', 'williamrodriguez@example.net', '3ba35621a8b4afa459ab7703717f87ac6aeb485d2bf446f0edf6ff01a818', 'professor', NULL, NULL);
INSERT INTO users (user_id, institution_id, department_id, first_name, last_name, email, password, role, major, year) VALUES (19, 5, 19, 'Danielle', 'Lynch', 'nathanielmartin@example.net', 'c11bd616399ef7de0e3747893d82ead461de93469f54cd1c6e4459cfe0e7', 'professor', NULL, NULL);
INSERT INTO users (user_id, institution_id, department_id, first_name, last_name, email, password, role, major, year) VALUES (20, 5, 20, 'Carol', 'Burns', 'hickmannatasha@example.com', '7c97a293bc354bcdfd735f7957d4228ffbf0575e5752ed8759365f4c30bb', 'professor', NULL, NULL);
INSERT INTO users (user_id, institution_id, department_id, first_name, last_name, email, password, role, major, year) VALUES (21, 6, 21, 'John', 'Bradley', 'millertodd@example.org', '399d30176e2afc4addb2357767cce2f5266f2b9758539adaca7c8fe08baf', 'professor', NULL, NULL);
INSERT INTO users (user_id, institution_id, department_id, first_name, last_name, email, password, role, major, year) VALUES (22, 6, 22, 'Amanda', 'Martinez', 'karroyo@example.com', '2eb28aab3b37da76916e5718305a00835a518306f46227f39c45dfc21dbf', 'professor', NULL, NULL);
INSERT INTO users (user_id, institution_id, department_id, first_name, last_name, email, password, role, major, year) VALUES (23, 6, 23, 'Catherine', 'Brandt', 'jenniferross@example.net', '85c244e198fbb6efabeb7e70a08f2cc2178294a890941e36d49657deca67', 'professor', NULL, NULL);
INSERT INTO users (user_id, institution_id, department_id, first_name, last_name, email, password, role, major, year) VALUES (24, 6, 24, 'Samuel', 'Holmes', 'wrightcaleb@example.org', 'e9d0d52dbdf1f01c3a7107e5ab57b442c7a8942518b5bbcf58123ab88dd7', 'professor', NULL, NULL);
INSERT INTO users (user_id, institution_id, department_id, first_name, last_name, email, password, role, major, year) VALUES (25, 1, 2, 'Jerry', 'Robinson', 'zimmermanbrian@example.org', '884914792008f0fbdd29c986a4300ab4fdd6471066fd0f5d83767366108e', 'student', 'Sociology', 4);
INSERT INTO users (user_id, institution_id, department_id, first_name, last_name, email, password, role, major, year) VALUES (26, 2, 8, 'Michele', 'Jones', 'joshuawashington@example.net', 'a0e4333c59fab2d04fb01f4b469ec541cb9a14cd0bd893a8af939dc1ff5f', 'student', 'Art', 3);
INSERT INTO users (user_id, institution_id, department_id, first_name, last_name, email, password, role, major, year) VALUES (27, 1, 2, 'Selena', 'Duncan', 'esanchez@example.com', '0fce1eecf97cd45f808ffce56ebe5bf74bb9bf97c31e52adc96d395b5a3a', 'student', 'Sociology', 4);
INSERT INTO users (user_id, institution_id, department_id, first_name, last_name, email, password, role, major, year) VALUES (28, 3, 11, 'Collin', 'Jordan', 'ujenkins@example.org', '8111b62d5150f0ec6dc6a65e87fa1f3e8edcb094d842ab4d6dbb0a06e5b1', 'student', 'Business', 2);
INSERT INTO users (user_id, institution_id, department_id, first_name, last_name, email, password, role, major, year) VALUES (29, 3, 9, 'Tracey', 'Garcia', 'zchandler@example.org', 'e8afd9f6742d8cbd469f04cb79a1fdf3f3e96b4039d40c22657a37d745b4', 'student', 'Engineering', 4);
INSERT INTO users (user_id, institution_id, department_id, first_name, last_name, email, password, role, major, year) VALUES (30, 1, 3, 'James', 'West', 'dwhite@example.org', '4df9b6266933c21e25141c62a83d54bc34c4aea60605d049b35b5fce0a94', 'student', 'Chemistry', 3);
INSERT INTO users (user_id, institution_id, department_id, first_name, last_name, email, password, role, major, year) VALUES (31, 5, 19, 'Charles', 'Morton', 'williamsyvette@example.org', 'ba12e9fa5413ef744a095aeea934685cf8857667923a193581abb65b4628', 'student', 'Philosophy', 1);
INSERT INTO users (user_id, institution_id, department_id, first_name, last_name, email, password, role, major, year) VALUES (32, 6, 24, 'Sara', 'Allison', 'richardolson@example.com', 'c7851c0f1530640d469066362549c79ff9663512e68519975f1389a37198', 'student', 'Political Science', 1);
INSERT INTO users (user_id, institution_id, department_id, first_name, last_name, email, password, role, major, year) VALUES (33, 4, 13, 'Franklin', 'Smith', 'ybaker@example.com', '9639f74c850972746c15921b637f534bcb7e6f6e1b2bc08448ca7dec9073', 'student', 'Political Science', 3);
INSERT INTO users (user_id, institution_id, department_id, first_name, last_name, email, password, role, major, year) VALUES (34, 6, 23, 'Heather', 'Cross', 'smoore@example.org', '7b308ffa1ed446a0ed87fe1a06770e0a1c8231fca309d82603740e5e551c', 'student', 'Art', 2);
INSERT INTO users (user_id, institution_id, department_id, first_name, last_name, email, password, role, major, year) VALUES (35, 6, 21, 'Beth', 'Daniels', 'brian97@example.net', 'e54dece40379a5be1596ee27755d8b97f6c654e3b580ada6a9fe814613cd', 'student', 'Computer Science', 2);
INSERT INTO users (user_id, institution_id, department_id, first_name, last_name, email, password, role, major, year) VALUES (36, 3, 9, 'Amanda', 'Brown', 'yorkcasey@example.org', 'e5b1eed4baaafec4d6e2906d74d23502c362bab4d3b68415202332fa9330', 'student', 'Chemistry', 2);
INSERT INTO users (user_id, institution_id, department_id, first_name, last_name, email, password, role, major, year) VALUES (37, 1, 4, 'Joe', 'Wilson', 'bethwilliams@example.org', 'bc169e35217bcf42da346cef2aa03a29986c369068561a595d46ad7b181b', 'student', 'Psychology', 4);
INSERT INTO users (user_id, institution_id, department_id, first_name, last_name, email, password, role, major, year) VALUES (38, 6, 23, 'Brandy', 'Mills', 'james53@example.com', '9d8b17792924fe7650dd9583ce2d0f34bb07c7ffeea1cb33efa4b7df92fb', 'student', 'Business', 3);
INSERT INTO users (user_id, institution_id, department_id, first_name, last_name, email, password, role, major, year) VALUES (39, 3, 10, 'Emily', 'Evans', 'sarah10@example.com', '0afd14090d9ef25a1af54f274a2cb462e15f85a0553176bcb1df126ad60d', 'student', 'Health Sciences', 3);
INSERT INTO users (user_id, institution_id, department_id, first_name, last_name, email, password, role, major, year) VALUES (40, 6, 21, 'Anna', 'Garcia', 'williamanderson@example.com', '40f7cf6a343717465df750f0aeb6951fb916f17311a86de11f85f33ef65f', 'student', 'Art', 2);
INSERT INTO users (user_id, institution_id, department_id, first_name, last_name, email, password, role, major, year) VALUES (41, 5, 18, 'Natasha', 'Wood', 'samueldaniels@example.com', 'dfe403291f9f13ecd2b257da00ffa5ad65a1c59bad01efb263db2a69cb9f', 'student', 'Business', 4);
INSERT INTO users (user_id, institution_id, department_id, first_name, last_name, email, password, role, major, year) VALUES (42, 4, 15, 'Vanessa', 'Valdez', 'contrerasangela@example.net', 'a555b4b24dbe50fd91d6762ae7fb6eb25ea5c09dd23b824e4dec5e65b87e', 'student', 'Physics', 2);
INSERT INTO users (user_id, institution_id, department_id, first_name, last_name, email, password, role, major, year) VALUES (43, 6, 23, 'Natalie', 'Baker', 'newtoneric@example.com', 'f73848f3cda0c66aa5625e00c56a00b7f1d4b46ffa6ecefb277a0e816ccf', 'student', 'Chemistry', 1);
INSERT INTO users (user_id, institution_id, department_id, first_name, last_name, email, password, role, major, year) VALUES (44, 2, 5, 'Jennifer', 'Harris', 'william40@example.org', '2734b32faf7e12838d616da6bdfd3e51f13fb25595445988c62cdf12c962', 'student', 'Philosophy', 3);
INSERT INTO users (user_id, institution_id, department_id, first_name, last_name, email, password, role, major, year) VALUES (45, 6, NULL, 'Maria', 'Williams', 'kellie42@example.net', '5a5e574fbc468859f514c0b11e48984e3ed44aebdf9b6629dca4e18e6508', 'analyst', NULL, NULL);
INSERT INTO users (user_id, institution_id, department_id, first_name, last_name, email, password, role, major, year) VALUES (46, 6, NULL, 'Janice', 'Hoffman', 'jonesnicole@example.org', '8fd36b32d329a1dc03164b44931c70f90dc6d3183e5cedd244fae715b16d', 'analyst', NULL, NULL);
INSERT INTO users (user_id, institution_id, department_id, first_name, last_name, email, password, role, major, year) VALUES (47, 6, NULL, 'Mary', 'Aguilar', 'russellwilliams@example.com', '1d2befd06e8cdfcab58bad1e92ab198690b719f637ad0fa3bb3ceb974d7f', 'analyst', NULL, NULL);
INSERT INTO users (user_id, institution_id, department_id, first_name, last_name, email, password, role, major, year) VALUES (48, 6, NULL, 'Laura', 'Valencia', 'jason31@example.com', 'fe7dfccc272251a824667c46d23e64054ed69c04140fe56f6ad7096119b7', 'admin', NULL, NULL);
INSERT INTO users (user_id, institution_id, department_id, first_name, last_name, email, password, role, major, year) VALUES (49, 6, NULL, 'Nicole', 'Russell', 'sarayoung@example.org', '6c2f18a3cfb25601a15b31778316886e15672e1bc32f1b970523a780a919', 'admin', NULL, NULL);

-- courses (50 rows)
-- ==================================================
INSERT INTO courses (course_id, professor_id, department_id, title, course_code) VALUES (1, 1, 1, 'Linear Algebra', 'MTH 390');
INSERT INTO courses (course_id, professor_id, department_id, title, course_code) VALUES (2, 1, 1, 'Calculus', 'MTH 208');
INSERT INTO courses (course_id, professor_id, department_id, title, course_code) VALUES (3, 1, 1, 'Probability', 'MTH 302');
INSERT INTO courses (course_id, professor_id, department_id, title, course_code) VALUES (4, 2, 2, 'Physiology', 'HSC 226');
INSERT INTO courses (course_id, professor_id, department_id, title, course_code) VALUES (5, 2, 2, 'Anatomy', 'HSC 482');
INSERT INTO courses (course_id, professor_id, department_id, title, course_code) VALUES (6, 3, 3, 'Dynamics', 'ENG 360');
INSERT INTO courses (course_id, professor_id, department_id, title, course_code) VALUES (7, 3, 3, 'Statics', 'ENG 146');
INSERT INTO courses (course_id, professor_id, department_id, title, course_code) VALUES (8, 3, 3, 'Thermodynamics', 'ENG 156');
INSERT INTO courses (course_id, professor_id, department_id, title, course_code) VALUES (9, 4, 4, 'Educational Psychology', 'EDU 405');
INSERT INTO courses (course_id, professor_id, department_id, title, course_code) VALUES (10, 4, 4, 'Child Development', 'EDU 297');
INSERT INTO courses (course_id, professor_id, department_id, title, course_code) VALUES (11, 5, 5, 'Photography', 'ART 448');
INSERT INTO courses (course_id, professor_id, department_id, title, course_code) VALUES (12, 5, 5, 'Digital Media', 'ART 449');
INSERT INTO courses (course_id, professor_id, department_id, title, course_code) VALUES (13, 5, 5, 'Drawing', 'ART 493');
INSERT INTO courses (course_id, professor_id, department_id, title, course_code) VALUES (14, 6, 6, 'Marketing', 'BUS 322');
INSERT INTO courses (course_id, professor_id, department_id, title, course_code) VALUES (15, 7, 7, 'Logic', 'PHL 359');
INSERT INTO courses (course_id, professor_id, department_id, title, course_code) VALUES (16, 7, 7, 'Metaphysics', 'PHL 420');
INSERT INTO courses (course_id, professor_id, department_id, title, course_code) VALUES (17, 7, 7, 'Epistemology', 'PHL 427');
INSERT INTO courses (course_id, professor_id, department_id, title, course_code) VALUES (18, 8, 8, 'Databases', 'CS 376');
INSERT INTO courses (course_id, professor_id, department_id, title, course_code) VALUES (19, 8, 8, 'Algorithms', 'CS 406');
INSERT INTO courses (course_id, professor_id, department_id, title, course_code) VALUES (20, 9, 9, 'Curriculum Design', 'EDU 257');
INSERT INTO courses (course_id, professor_id, department_id, title, course_code) VALUES (21, 9, 9, 'Educational Psychology', 'EDU 129');
INSERT INTO courses (course_id, professor_id, department_id, title, course_code) VALUES (22, 9, 9, 'Child Development', 'EDU 390');
INSERT INTO courses (course_id, professor_id, department_id, title, course_code) VALUES (23, 10, 10, 'Biostatistics', 'HSC 348');
INSERT INTO courses (course_id, professor_id, department_id, title, course_code) VALUES (24, 11, 11, 'Calculus', 'MTH 381');
INSERT INTO courses (course_id, professor_id, department_id, title, course_code) VALUES (25, 11, 11, 'Linear Algebra', 'MTH 235');
INSERT INTO courses (course_id, professor_id, department_id, title, course_code) VALUES (26, 12, 12, 'Econometrics', 'ECN 465');
INSERT INTO courses (course_id, professor_id, department_id, title, course_code) VALUES (27, 12, 12, 'Microeconomics', 'ECN 304');
INSERT INTO courses (course_id, professor_id, department_id, title, course_code) VALUES (28, 13, 13, 'Econometrics', 'ECN 226');
INSERT INTO courses (course_id, professor_id, department_id, title, course_code) VALUES (29, 13, 13, 'Macroeconomics', 'ECN 132');
INSERT INTO courses (course_id, professor_id, department_id, title, course_code) VALUES (30, 13, 13, 'Microeconomics', 'ECN 110');
INSERT INTO courses (course_id, professor_id, department_id, title, course_code) VALUES (31, 14, 14, 'Constitutional Law', 'LAW 462');
INSERT INTO courses (course_id, professor_id, department_id, title, course_code) VALUES (32, 14, 14, 'Contract Law', 'LAW 217');
INSERT INTO courses (course_id, professor_id, department_id, title, course_code) VALUES (33, 15, 15, 'Physiology', 'HSC 136');
INSERT INTO courses (course_id, professor_id, department_id, title, course_code) VALUES (34, 16, 16, 'Cultural Studies', 'HUM 376');
INSERT INTO courses (course_id, professor_id, department_id, title, course_code) VALUES (35, 16, 16, 'History', 'HUM 470');
INSERT INTO courses (course_id, professor_id, department_id, title, course_code) VALUES (36, 16, 16, 'Ethics', 'HUM 224');
INSERT INTO courses (course_id, professor_id, department_id, title, course_code) VALUES (37, 17, 17, 'Sociology', 'SOC 437');
INSERT INTO courses (course_id, professor_id, department_id, title, course_code) VALUES (38, 17, 17, 'Political Science', 'SOC 281');
INSERT INTO courses (course_id, professor_id, department_id, title, course_code) VALUES (39, 17, 17, 'Anthropology', 'SOC 310');
INSERT INTO courses (course_id, professor_id, department_id, title, course_code) VALUES (40, 18, 18, 'Thermodynamics', 'ENG 434');
INSERT INTO courses (course_id, professor_id, department_id, title, course_code) VALUES (41, 19, 19, 'Metaphysics', 'PHL 472');
INSERT INTO courses (course_id, professor_id, department_id, title, course_code) VALUES (42, 20, 20, 'Anatomy', 'HSC 198');
INSERT INTO courses (course_id, professor_id, department_id, title, course_code) VALUES (43, 21, 21, 'Accounting', 'BUS 242');
INSERT INTO courses (course_id, professor_id, department_id, title, course_code) VALUES (44, 21, 21, 'Marketing', 'BUS 227');
INSERT INTO courses (course_id, professor_id, department_id, title, course_code) VALUES (45, 21, 21, 'Finance', 'BUS 326');
INSERT INTO courses (course_id, professor_id, department_id, title, course_code) VALUES (46, 22, 22, 'Econometrics', 'ECN 376');
INSERT INTO courses (course_id, professor_id, department_id, title, course_code) VALUES (47, 23, 23, 'Constitutional Law', 'LAW 185');
INSERT INTO courses (course_id, professor_id, department_id, title, course_code) VALUES (48, 24, 24, 'History', 'HUM 130');
INSERT INTO courses (course_id, professor_id, department_id, title, course_code) VALUES (49, 24, 24, 'Ethics', 'HUM 294');
INSERT INTO courses (course_id, professor_id, department_id, title, course_code) VALUES (50, 24, 24, 'Cultural Studies', 'HUM 299');

-- enrollments (40 rows)
-- ==================================================
INSERT INTO enrollments (enrollment_id, user_id, course_id, enrolled_at) VALUES (1, 25, 5, '2026-04-18 15:06:22');
INSERT INTO enrollments (enrollment_id, user_id, course_id, enrolled_at) VALUES (2, 25, 7, '2026-04-18 15:05:33');
INSERT INTO enrollments (enrollment_id, user_id, course_id, enrolled_at) VALUES (3, 25, 8, '2026-04-18 15:05:54');
INSERT INTO enrollments (enrollment_id, user_id, course_id, enrolled_at) VALUES (4, 25, 2, '2026-04-18 15:01:37');
INSERT INTO enrollments (enrollment_id, user_id, course_id, enrolled_at) VALUES (5, 26, 15, '2026-04-18 15:05:10');
INSERT INTO enrollments (enrollment_id, user_id, course_id, enrolled_at) VALUES (6, 26, 14, '2026-04-18 15:03:09');
INSERT INTO enrollments (enrollment_id, user_id, course_id, enrolled_at) VALUES (7, 27, 10, '2026-04-18 15:06:09');
INSERT INTO enrollments (enrollment_id, user_id, course_id, enrolled_at) VALUES (8, 28, 25, '2026-04-18 15:05:30');
INSERT INTO enrollments (enrollment_id, user_id, course_id, enrolled_at) VALUES (9, 29, 20, '2026-04-18 15:05:49');
INSERT INTO enrollments (enrollment_id, user_id, course_id, enrolled_at) VALUES (10, 30, 9, '2026-04-18 15:05:33');
INSERT INTO enrollments (enrollment_id, user_id, course_id, enrolled_at) VALUES (11, 30, 10, '2026-04-18 15:02:50');
INSERT INTO enrollments (enrollment_id, user_id, course_id, enrolled_at) VALUES (12, 30, 3, '2026-04-18 15:05:26');
INSERT INTO enrollments (enrollment_id, user_id, course_id, enrolled_at) VALUES (13, 30, 1, '2026-04-18 15:02:02');
INSERT INTO enrollments (enrollment_id, user_id, course_id, enrolled_at) VALUES (14, 31, 38, '2026-04-18 15:05:51');
INSERT INTO enrollments (enrollment_id, user_id, course_id, enrolled_at) VALUES (15, 32, 44, '2026-04-18 15:05:47');
INSERT INTO enrollments (enrollment_id, user_id, course_id, enrolled_at) VALUES (16, 33, 34, '2026-04-18 15:02:36');
INSERT INTO enrollments (enrollment_id, user_id, course_id, enrolled_at) VALUES (17, 33, 29, '2026-04-18 15:05:34');
INSERT INTO enrollments (enrollment_id, user_id, course_id, enrolled_at) VALUES (18, 34, 43, '2026-04-18 15:03:48');
INSERT INTO enrollments (enrollment_id, user_id, course_id, enrolled_at) VALUES (19, 34, 47, '2026-04-18 15:03:01');
INSERT INTO enrollments (enrollment_id, user_id, course_id, enrolled_at) VALUES (20, 35, 49, '2026-04-18 15:05:28');
INSERT INTO enrollments (enrollment_id, user_id, course_id, enrolled_at) VALUES (21, 36, 24, '2026-04-18 15:02:38');
INSERT INTO enrollments (enrollment_id, user_id, course_id, enrolled_at) VALUES (22, 36, 21, '2026-04-18 15:01:37');
INSERT INTO enrollments (enrollment_id, user_id, course_id, enrolled_at) VALUES (23, 36, 25, '2026-04-18 15:02:27');
INSERT INTO enrollments (enrollment_id, user_id, course_id, enrolled_at) VALUES (24, 37, 4, '2026-04-18 15:03:08');
INSERT INTO enrollments (enrollment_id, user_id, course_id, enrolled_at) VALUES (25, 37, 5, '2026-04-18 15:05:49');
INSERT INTO enrollments (enrollment_id, user_id, course_id, enrolled_at) VALUES (26, 37, 7, '2026-04-18 15:06:20');
INSERT INTO enrollments (enrollment_id, user_id, course_id, enrolled_at) VALUES (27, 38, 47, '2026-04-18 15:02:53');
INSERT INTO enrollments (enrollment_id, user_id, course_id, enrolled_at) VALUES (28, 38, 46, '2026-04-18 15:04:42');
INSERT INTO enrollments (enrollment_id, user_id, course_id, enrolled_at) VALUES (29, 39, 21, '2026-04-18 15:03:29');
INSERT INTO enrollments (enrollment_id, user_id, course_id, enrolled_at) VALUES (30, 39, 20, '2026-04-18 15:06:24');
INSERT INTO enrollments (enrollment_id, user_id, course_id, enrolled_at) VALUES (31, 39, 23, '2026-04-18 15:04:10');
INSERT INTO enrollments (enrollment_id, user_id, course_id, enrolled_at) VALUES (32, 40, 44, '2026-04-18 15:06:11');
INSERT INTO enrollments (enrollment_id, user_id, course_id, enrolled_at) VALUES (33, 41, 41, '2026-04-18 15:02:04');
INSERT INTO enrollments (enrollment_id, user_id, course_id, enrolled_at) VALUES (34, 41, 39, '2026-04-18 15:06:21');
INSERT INTO enrollments (enrollment_id, user_id, course_id, enrolled_at) VALUES (35, 42, 33, '2026-04-18 15:02:23');
INSERT INTO enrollments (enrollment_id, user_id, course_id, enrolled_at) VALUES (36, 42, 29, '2026-04-18 15:06:18');
INSERT INTO enrollments (enrollment_id, user_id, course_id, enrolled_at) VALUES (37, 43, 48, '2026-04-18 15:02:49');
INSERT INTO enrollments (enrollment_id, user_id, course_id, enrolled_at) VALUES (38, 43, 45, '2026-04-18 15:02:02');
INSERT INTO enrollments (enrollment_id, user_id, course_id, enrolled_at) VALUES (39, 44, 18, '2026-04-18 15:03:40');
INSERT INTO enrollments (enrollment_id, user_id, course_id, enrolled_at) VALUES (40, 44, 15, '2026-04-18 15:05:08');

-- assignments (91 rows)
-- ==================================================
INSERT INTO assignments (assignment_id, course_id, title, description, due_date, time_benchmark) VALUES (1, 1, 'Case Study 1', 'Paper memory history office effort remember. Mind southern rather. Hair attorney professional form finish.', '2026-04-17', 120);
INSERT INTO assignments (assignment_id, course_id, title, description, due_date, time_benchmark) VALUES (2, 1, 'Homework 2', 'Finally impact I fast camera inside wait. Past feeling nature a.', '2026-04-17', 180);
INSERT INTO assignments (assignment_id, course_id, title, description, due_date, time_benchmark) VALUES (3, 1, 'Research Paper', 'Parent focus kid put memory soldier where save. Exist professional people behavior. Pull different current agency each.', '2026-04-17', 60);
INSERT INTO assignments (assignment_id, course_id, title, description, due_date, time_benchmark) VALUES (4, 1, 'Case Study 4', 'Increase picture create recent manager during prevent. Throughout team those.', '2026-04-17', 30);
INSERT INTO assignments (assignment_id, course_id, title, description, due_date, time_benchmark) VALUES (5, 2, 'Quiz 1', 'Sound receive let newspaper. Lead soon property write.', '2026-04-17', 30);
INSERT INTO assignments (assignment_id, course_id, title, description, due_date, time_benchmark) VALUES (6, 4, 'Lab Report 1', 'Spring throughout interview trade knowledge city technology late. Style everyone sing machine dream. Back experience even floor music catch.', '2026-04-17', 60);
INSERT INTO assignments (assignment_id, course_id, title, description, due_date, time_benchmark) VALUES (7, 4, 'Quiz 2', 'Ask imagine my indeed deal. Hope show watch affect thing offer.', '2026-04-17', 120);
INSERT INTO assignments (assignment_id, course_id, title, description, due_date, time_benchmark) VALUES (8, 4, 'Essay 3', 'Send table well industry section. Son today major event magazine home protect. Right subject try wonder move trade.', '2026-04-17', 180);
INSERT INTO assignments (assignment_id, course_id, title, description, due_date, time_benchmark) VALUES (9, 4, 'Midterm Exam', 'Poor career left anyone.', '2026-04-17', 45);
INSERT INTO assignments (assignment_id, course_id, title, description, due_date, time_benchmark) VALUES (10, 5, 'Research Paper', 'Force seven here sell story edge bank. See appear weight.', '2026-04-17', 90);
INSERT INTO assignments (assignment_id, course_id, title, description, due_date, time_benchmark) VALUES (11, 5, 'Quiz 2', 'Senior wear current. Perform draw list.', '2026-04-17', 240);
INSERT INTO assignments (assignment_id, course_id, title, description, due_date, time_benchmark) VALUES (12, 8, 'Quiz 1', 'Record short cold parent security boy standard. Blue agent find quality when.', '2026-04-17', 30);
INSERT INTO assignments (assignment_id, course_id, title, description, due_date, time_benchmark) VALUES (13, 8, 'Homework 2', 'Option store drug recent. Sure outside building worker site.', '2026-04-17', 60);
INSERT INTO assignments (assignment_id, course_id, title, description, due_date, time_benchmark) VALUES (14, 8, 'Lab Report 3', 'Attention positive actually information majority item. Player stock religious itself safe whole. Pattern try simple let stay.', '2026-04-17', 180);
INSERT INTO assignments (assignment_id, course_id, title, description, due_date, time_benchmark) VALUES (15, 9, 'Lab Report 1', 'Store beautiful think during let. Property from management foot maintain great election evidence. Red everybody act way beat result major serve.', '2026-04-17', 180);
INSERT INTO assignments (assignment_id, course_id, title, description, due_date, time_benchmark) VALUES (16, 9, 'Group Project', 'Society behavior develop reality fill ok list. Gas you nearly goal law fill discover. Firm sea week real course.', '2026-04-17', 120);
INSERT INTO assignments (assignment_id, course_id, title, description, due_date, time_benchmark) VALUES (17, 10, 'Research Paper', 'With modern executive beyond create dinner conference add. Call animal approach factor want point sell.', '2026-04-17', 30);
INSERT INTO assignments (assignment_id, course_id, title, description, due_date, time_benchmark) VALUES (18, 10, 'Problem Set 2', 'Expect long future whole education technology box.', '2026-04-17', 30);
INSERT INTO assignments (assignment_id, course_id, title, description, due_date, time_benchmark) VALUES (19, 10, 'Reading Response 3', 'Officer rather charge specific. Be easy newspaper indicate other. Difficult mission late kind team wrong figure perform.', '2026-04-17', 45);
INSERT INTO assignments (assignment_id, course_id, title, description, due_date, time_benchmark) VALUES (20, 11, 'Homework 1', 'Personal enough ball dream necessary. Able late order fact.', '2026-04-17', 240);
INSERT INTO assignments (assignment_id, course_id, title, description, due_date, time_benchmark) VALUES (21, 11, 'Midterm Exam', 'Author do enough social operation sound cup. Name positive training step.', '2026-04-17', 120);
INSERT INTO assignments (assignment_id, course_id, title, description, due_date, time_benchmark) VALUES (22, 11, 'Research Paper', 'Organization station TV keep light. Record wall matter management ball.', '2026-04-17', 45);
INSERT INTO assignments (assignment_id, course_id, title, description, due_date, time_benchmark) VALUES (23, 11, 'Final Exam', 'Page ago director purpose team onto. Yourself public especially. Several compare million.', '2026-04-17', 45);
INSERT INTO assignments (assignment_id, course_id, title, description, due_date, time_benchmark) VALUES (24, 13, 'Midterm Exam', 'Young job sport why. Girl four prove tax form really explain.', '2026-04-17', 240);
INSERT INTO assignments (assignment_id, course_id, title, description, due_date, time_benchmark) VALUES (25, 13, 'Homework 2', 'Lawyer fire follow. Ten stay ability thank left approach. Gun series personal service data near until.', '2026-04-17', 60);
INSERT INTO assignments (assignment_id, course_id, title, description, due_date, time_benchmark) VALUES (26, 14, 'Case Study 1', 'Ahead picture son report. Nearly need behavior yeah tree. Water positive child usually factor relate indeed.', '2026-04-17', 45);
INSERT INTO assignments (assignment_id, course_id, title, description, due_date, time_benchmark) VALUES (27, 16, 'Research Paper', 'Lead certain course out second. Tell everybody so increase. Environment able rise study oil process tend.', '2026-04-17', 240);
INSERT INTO assignments (assignment_id, course_id, title, description, due_date, time_benchmark) VALUES (28, 16, 'Final Exam', 'Forward several help usually thank wonder. Occur do simply analysis seat. History professional star wonder manager already.', '2026-04-17', 120);
INSERT INTO assignments (assignment_id, course_id, title, description, due_date, time_benchmark) VALUES (29, 17, 'Essay 1', 'Thank them key moment lead reveal. That wide avoid sit enter perhaps. Power system system teacher here first. Their along attention piece TV young section.', '2026-04-17', 240);
INSERT INTO assignments (assignment_id, course_id, title, description, due_date, time_benchmark) VALUES (30, 18, 'Lab Report 1', 'Kitchen really tough animal. Fall hear certainly most.', '2026-04-17', 90);
INSERT INTO assignments (assignment_id, course_id, title, description, due_date, time_benchmark) VALUES (31, 20, 'Reading Response 1', 'Company participant him raise. Tree central leave effect effort act source.', '2026-04-17', 60);
INSERT INTO assignments (assignment_id, course_id, title, description, due_date, time_benchmark) VALUES (32, 21, 'Case Study 1', 'Available war write federal. Real lead few yourself table blood. Occur offer yeah far within probably.', '2026-04-17', 240);
INSERT INTO assignments (assignment_id, course_id, title, description, due_date, time_benchmark) VALUES (33, 21, 'Reading Response 2', 'Treat seat strategy. Simply discover soon despite couple. Question return process stuff pick.', '2026-04-17', 240);
INSERT INTO assignments (assignment_id, course_id, title, description, due_date, time_benchmark) VALUES (34, 21, 'Essay 3', 'Small almost half capital travel.', '2026-04-17', 60);
INSERT INTO assignments (assignment_id, course_id, title, description, due_date, time_benchmark) VALUES (35, 22, 'Reading Response 1', 'Customer skill theory hand. Tree store either station loss southern second. Sound life away senior difficult put.', '2026-04-17', 30);
INSERT INTO assignments (assignment_id, course_id, title, description, due_date, time_benchmark) VALUES (36, 23, 'Homework 1', 'Hand so add Mr lawyer pull public. Herself police he push likely people wall foreign. Determine as statement travel few impact cause watch.', '2026-04-17', 240);
INSERT INTO assignments (assignment_id, course_id, title, description, due_date, time_benchmark) VALUES (37, 23, 'Group Project', 'Best thought career law. Industry score choice increase between majority impact. Allow have kitchen wear talk.', '2026-04-17', 45);
INSERT INTO assignments (assignment_id, course_id, title, description, due_date, time_benchmark) VALUES (38, 23, 'Essay 3', 'Top population art every why we station. Production politics others again. During call north attention share debate.', '2026-04-17', 240);
INSERT INTO assignments (assignment_id, course_id, title, description, due_date, time_benchmark) VALUES (39, 24, 'Midterm Exam', 'Similar small other everyone worker would. Economy company produce ago address so draw.', '2026-04-17', 60);
INSERT INTO assignments (assignment_id, course_id, title, description, due_date, time_benchmark) VALUES (40, 24, 'Essay 2', 'Appear score moment second live. Message board mean war analysis situation.', '2026-04-17', 45);
INSERT INTO assignments (assignment_id, course_id, title, description, due_date, time_benchmark) VALUES (41, 24, 'Homework 3', 'Leader who article look husband. Make travel available ball. Chance call person one Republican herself our far.', '2026-04-17', 180);
INSERT INTO assignments (assignment_id, course_id, title, description, due_date, time_benchmark) VALUES (42, 25, 'Final Exam', 'Soldier boy pressure there. Result Democrat later direction fund law indeed. Fine fine effort well.', '2026-04-17', 60);
INSERT INTO assignments (assignment_id, course_id, title, description, due_date, time_benchmark) VALUES (43, 26, 'Problem Set 1', 'Before be it season. Speech news only no form business. Them wait institution trouble anything explain.', '2026-04-17', 240);
INSERT INTO assignments (assignment_id, course_id, title, description, due_date, time_benchmark) VALUES (44, 26, 'Quiz 2', 'Medical choice lot suggest glass news boy. Off southern suddenly window stand.', '2026-04-17', 60);
INSERT INTO assignments (assignment_id, course_id, title, description, due_date, time_benchmark) VALUES (45, 27, 'Final Exam', 'Participant price really. Congress reflect finally. Go consider century price attorney scientist.', '2026-04-17', 180);
INSERT INTO assignments (assignment_id, course_id, title, description, due_date, time_benchmark) VALUES (46, 27, 'Research Paper', 'Democrat information game have return since nothing. Third choose senior anyone.', '2026-04-17', 60);
INSERT INTO assignments (assignment_id, course_id, title, description, due_date, time_benchmark) VALUES (47, 27, 'Homework 3', 'Magazine kind event sense box involve. Question or money final determine. Area daughter war should share face build market.', '2026-04-17', 30);
INSERT INTO assignments (assignment_id, course_id, title, description, due_date, time_benchmark) VALUES (48, 27, 'Quiz 4', 'Mouth discover next property government however. Job least back.', '2026-04-17', 45);
INSERT INTO assignments (assignment_id, course_id, title, description, due_date, time_benchmark) VALUES (49, 28, 'Quiz 1', 'Identify policy face if whom commercial way. Story turn because such during open model. That second develop single baby plan.', '2026-04-17', 30);
INSERT INTO assignments (assignment_id, course_id, title, description, due_date, time_benchmark) VALUES (50, 28, 'Problem Set 2', 'Go when population challenge bill eight. Own set pretty concern.', '2026-04-17', 120);
INSERT INTO assignments (assignment_id, course_id, title, description, due_date, time_benchmark) VALUES (51, 28, 'Final Exam', 'Senior service large under north play person. Firm key light place someone option goal avoid. Later arm story baby ten talk past.', '2026-04-17', 60);
INSERT INTO assignments (assignment_id, course_id, title, description, due_date, time_benchmark) VALUES (52, 28, 'Reading Response 4', 'Never social time last special prepare focus little. Whatever late specific study. Mean common easy just.', '2026-04-17', 240);
INSERT INTO assignments (assignment_id, course_id, title, description, due_date, time_benchmark) VALUES (53, 29, 'Final Exam', 'City health executive impact full our smile positive. Form newspaper hit edge. Their four old center glass whose recognize hot.', '2026-04-17', 120);
INSERT INTO assignments (assignment_id, course_id, title, description, due_date, time_benchmark) VALUES (54, 29, 'Research Paper', 'Next poor foreign campaign reflect. Behavior provide meet adult final week game.', '2026-04-17', 30);
INSERT INTO assignments (assignment_id, course_id, title, description, due_date, time_benchmark) VALUES (55, 30, 'Presentation', 'Yourself choice fast small medical. Strong this also from short capital heavy.', '2026-04-17', 45);
INSERT INTO assignments (assignment_id, course_id, title, description, due_date, time_benchmark) VALUES (56, 30, 'Quiz 2', 'Return analysis hair rest. Particular sell six doctor dream whole. Tough create question now key show sing. Month whom stage soon catch economic political.', '2026-04-17', 30);
INSERT INTO assignments (assignment_id, course_id, title, description, due_date, time_benchmark) VALUES (57, 30, 'Reading Response 3', 'Represent middle by base. Evening town challenge join. Stage this us increase how.', '2026-04-17', 90);
INSERT INTO assignments (assignment_id, course_id, title, description, due_date, time_benchmark) VALUES (58, 32, 'Research Paper', 'Heart agreement us stuff. Social case expert stop receive catch. Large accept bad eight strong nature road.', '2026-04-17', 180);
INSERT INTO assignments (assignment_id, course_id, title, description, due_date, time_benchmark) VALUES (59, 32, 'Reading Response 2', 'Down business draw police performance. Book toward others administration.', '2026-04-17', 180);
INSERT INTO assignments (assignment_id, course_id, title, description, due_date, time_benchmark) VALUES (60, 32, 'Reading Response 3', 'Fact ability good number. Professor beat window attack.', '2026-04-17', 180);
INSERT INTO assignments (assignment_id, course_id, title, description, due_date, time_benchmark) VALUES (61, 32, 'Essay 4', 'Never hospital like player wonder effect administration. General run pick sign. Card good full poor store range.', '2026-04-17', 60);
INSERT INTO assignments (assignment_id, course_id, title, description, due_date, time_benchmark) VALUES (62, 33, 'Problem Set 1', 'Consider care respond want already cut social though. Value middle writer myself education send. Experience television answer pretty event.', '2026-04-17', 180);
INSERT INTO assignments (assignment_id, course_id, title, description, due_date, time_benchmark) VALUES (63, 33, 'Midterm Exam', 'Sea thus hit wind many marriage. Entire bar interesting issue yet Congress family. Bag produce fill owner.', '2026-04-17', 120);
INSERT INTO assignments (assignment_id, course_id, title, description, due_date, time_benchmark) VALUES (64, 33, 'Midterm Exam', 'Language risk treatment past itself police. Avoid point guy song. Well central parent sit.', '2026-04-17', 180);
INSERT INTO assignments (assignment_id, course_id, title, description, due_date, time_benchmark) VALUES (65, 35, 'Research Paper', 'Sing hand him note painting. We head several off morning huge power.', '2026-04-17', 60);
INSERT INTO assignments (assignment_id, course_id, title, description, due_date, time_benchmark) VALUES (66, 35, 'Case Study 2', 'Save material hit. Brother simple region Democrat partner really your.', '2026-04-17', 90);
INSERT INTO assignments (assignment_id, course_id, title, description, due_date, time_benchmark) VALUES (67, 36, 'Final Exam', 'Later together knowledge because. Property remember nearly face feel church.', '2026-04-17', 180);
INSERT INTO assignments (assignment_id, course_id, title, description, due_date, time_benchmark) VALUES (68, 36, 'Quiz 2', 'Meeting building cut catch so ago. Occur level work candidate this assume huge.', '2026-04-17', 120);
INSERT INTO assignments (assignment_id, course_id, title, description, due_date, time_benchmark) VALUES (69, 37, 'Essay 1', 'Improve important offer by first avoid letter. General there sister policy consider whom item. Story million fight class.', '2026-04-17', 90);
INSERT INTO assignments (assignment_id, course_id, title, description, due_date, time_benchmark) VALUES (70, 38, 'Case Study 1', 'Way million exist bad cultural what. By field move maybe collection.', '2026-04-17', 180);
INSERT INTO assignments (assignment_id, course_id, title, description, due_date, time_benchmark) VALUES (71, 38, 'Lab Report 2', 'Probably result painting successful. American tell ball we side enough decision.', '2026-04-17', 120);
INSERT INTO assignments (assignment_id, course_id, title, description, due_date, time_benchmark) VALUES (72, 38, 'Presentation', 'Marriage phone face. Lot source rate father authority. Citizen indeed less future. Fine responsibility safe team.', '2026-04-17', 60);
INSERT INTO assignments (assignment_id, course_id, title, description, due_date, time_benchmark) VALUES (73, 39, 'Research Paper', 'Middle blood drop business last cell. Face his past.', '2026-04-17', 240);
INSERT INTO assignments (assignment_id, course_id, title, description, due_date, time_benchmark) VALUES (74, 39, 'Homework 2', 'Value return couple city you level. Market bed hotel lead drive.', '2026-04-17', 60);
INSERT INTO assignments (assignment_id, course_id, title, description, due_date, time_benchmark) VALUES (75, 39, 'Quiz 3', 'Example our successful.', '2026-04-17', 45);
INSERT INTO assignments (assignment_id, course_id, title, description, due_date, time_benchmark) VALUES (76, 40, 'Presentation', 'Account blue care enough hand idea and. Now crime network.', '2026-04-17', 120);
INSERT INTO assignments (assignment_id, course_id, title, description, due_date, time_benchmark) VALUES (77, 40, 'Case Study 2', 'Share evidence writer quite budget window hour. Newspaper hand certain own husband American. Case four listen.', '2026-04-17', 60);
INSERT INTO assignments (assignment_id, course_id, title, description, due_date, time_benchmark) VALUES (78, 40, 'Group Project', 'Cause use five hotel pattern successful order. Stock mother remember feel staff happy purpose. On someone rise read ago listen. Officer return on color pick people subject challenge.', '2026-04-17', 90);
INSERT INTO assignments (assignment_id, course_id, title, description, due_date, time_benchmark) VALUES (79, 41, 'Case Study 1', 'Way body affect finish charge real improve.', '2026-04-17', 45);
INSERT INTO assignments (assignment_id, course_id, title, description, due_date, time_benchmark) VALUES (80, 41, 'Research Paper', 'Relationship million night your. Moment finish community treatment garden great sign. Particular court east newspaper different.', '2026-04-17', 90);
INSERT INTO assignments (assignment_id, course_id, title, description, due_date, time_benchmark) VALUES (81, 41, 'Reading Response 3', 'Relate real major look night. Explain of myself time house.', '2026-04-17', 45);
INSERT INTO assignments (assignment_id, course_id, title, description, due_date, time_benchmark) VALUES (82, 43, 'Research Paper', 'Among western bad under pretty. Degree still even no even body scientist.', '2026-04-17', 180);
INSERT INTO assignments (assignment_id, course_id, title, description, due_date, time_benchmark) VALUES (83, 43, 'Case Study 2', 'Difficult do beyond form line race case.', '2026-04-17', 120);
INSERT INTO assignments (assignment_id, course_id, title, description, due_date, time_benchmark) VALUES (84, 44, 'Problem Set 1', 'Present thing little practice sense expert. Position traditional become off movement.', '2026-04-17', 240);
INSERT INTO assignments (assignment_id, course_id, title, description, due_date, time_benchmark) VALUES (85, 44, 'Essay 2', 'Individual study value already.', '2026-04-17', 180);
INSERT INTO assignments (assignment_id, course_id, title, description, due_date, time_benchmark) VALUES (86, 45, 'Essay 1', 'View while unit theory. Fear owner up. Expect writer myself management voice surface.', '2026-04-17', 240);
INSERT INTO assignments (assignment_id, course_id, title, description, due_date, time_benchmark) VALUES (87, 45, 'Essay 2', 'Former room possible responsibility. Say so nothing.', '2026-04-17', 45);
INSERT INTO assignments (assignment_id, course_id, title, description, due_date, time_benchmark) VALUES (88, 48, 'Group Project', 'Task today still middle beautiful protect continue cell. Very according himself land environment form.', '2026-04-17', 120);
INSERT INTO assignments (assignment_id, course_id, title, description, due_date, time_benchmark) VALUES (89, 50, 'Final Exam', 'End growth door. Let civil rather type. Real police wait happen determine.', '2026-04-17', 180);
INSERT INTO assignments (assignment_id, course_id, title, description, due_date, time_benchmark) VALUES (90, 50, 'Presentation', 'Lawyer writer health reduce. Serious soon stay seven quite other skin. Land region back nor article natural measure.', '2026-04-17', 45);
INSERT INTO assignments (assignment_id, course_id, title, description, due_date, time_benchmark) VALUES (91, 50, 'Reading Response 3', 'Foreign minute break day. Major together knowledge argue car indeed nor next.', '2026-04-17', 180);

-- tasks (148 rows)
-- ==================================================
INSERT INTO tasks (task_id, user_id, assignment_id, title, category, priority, time_allocated, status) VALUES (1, 25, 10, 'Complete assignment #10', 'school', 'medium', 90, 'in_progress');
INSERT INTO tasks (task_id, user_id, assignment_id, title, category, priority, time_allocated, status) VALUES (2, 25, 11, 'Complete assignment #11', 'school', 'low', 30, 'completed');
INSERT INTO tasks (task_id, user_id, assignment_id, title, category, priority, time_allocated, status) VALUES (3, 25, 12, 'Complete assignment #12', 'school', 'low', 90, 'not_started');
INSERT INTO tasks (task_id, user_id, assignment_id, title, category, priority, time_allocated, status) VALUES (4, 25, 13, 'Complete assignment #13', 'school', 'high', 120, 'in_progress');
INSERT INTO tasks (task_id, user_id, assignment_id, title, category, priority, time_allocated, status) VALUES (5, 25, 14, 'Complete assignment #14', 'school', 'high', 45, 'completed');
INSERT INTO tasks (task_id, user_id, assignment_id, title, category, priority, time_allocated, status) VALUES (6, 25, 5, 'Complete assignment #5', 'school', 'low', 90, 'not_started');
INSERT INTO tasks (task_id, user_id, assignment_id, title, category, priority, time_allocated, status) VALUES (7, 25, NULL, 'Meal prep', 'personal', 'high', 90, 'in_progress');
INSERT INTO tasks (task_id, user_id, assignment_id, title, category, priority, time_allocated, status) VALUES (8, 25, NULL, 'Rehearsal', 'extracurricular', 'high', 90, 'in_progress');
INSERT INTO tasks (task_id, user_id, assignment_id, title, category, priority, time_allocated, status) VALUES (9, 25, NULL, 'Clean apartment', 'personal', 'low', 60, 'in_progress');
INSERT INTO tasks (task_id, user_id, assignment_id, title, category, priority, time_allocated, status) VALUES (10, 25, NULL, 'Update resume', 'work', 'high', 60, 'completed');
INSERT INTO tasks (task_id, user_id, assignment_id, title, category, priority, time_allocated, status) VALUES (11, 25, NULL, 'Organize fundraiser', 'extracurricular', 'low', 45, 'not_started');
INSERT INTO tasks (task_id, user_id, assignment_id, title, category, priority, time_allocated, status) VALUES (12, 26, 26, 'Complete assignment #26', 'school', 'medium', 60, 'completed');
INSERT INTO tasks (task_id, user_id, assignment_id, title, category, priority, time_allocated, status) VALUES (13, 26, NULL, 'Freelance project', 'work', 'low', 60, 'completed');
INSERT INTO tasks (task_id, user_id, assignment_id, title, category, priority, time_allocated, status) VALUES (14, 26, NULL, 'Workout', 'personal', 'low', 60, 'in_progress');
INSERT INTO tasks (task_id, user_id, assignment_id, title, category, priority, time_allocated, status) VALUES (15, 27, 17, 'Complete assignment #17', 'school', 'high', 90, 'in_progress');
INSERT INTO tasks (task_id, user_id, assignment_id, title, category, priority, time_allocated, status) VALUES (16, 27, 18, 'Complete assignment #18', 'school', 'low', 90, 'in_progress');
INSERT INTO tasks (task_id, user_id, assignment_id, title, category, priority, time_allocated, status) VALUES (17, 27, 19, 'Complete assignment #19', 'school', 'high', 30, 'completed');
INSERT INTO tasks (task_id, user_id, assignment_id, title, category, priority, time_allocated, status) VALUES (18, 27, NULL, 'Club meeting', 'extracurricular', 'medium', 45, 'completed');
INSERT INTO tasks (task_id, user_id, assignment_id, title, category, priority, time_allocated, status) VALUES (19, 27, NULL, 'Rehearsal', 'extracurricular', 'high', 90, 'completed');
INSERT INTO tasks (task_id, user_id, assignment_id, title, category, priority, time_allocated, status) VALUES (20, 27, NULL, 'Team meeting prep', 'work', 'low', 45, 'in_progress');
INSERT INTO tasks (task_id, user_id, assignment_id, title, category, priority, time_allocated, status) VALUES (21, 27, NULL, 'Team meeting prep', 'work', 'medium', 60, 'completed');
INSERT INTO tasks (task_id, user_id, assignment_id, title, category, priority, time_allocated, status) VALUES (22, 27, NULL, 'Volunteer event', 'extracurricular', 'high', 90, 'not_started');
INSERT INTO tasks (task_id, user_id, assignment_id, title, category, priority, time_allocated, status) VALUES (23, 28, 42, 'Complete assignment #42', 'school', 'medium', 120, 'in_progress');
INSERT INTO tasks (task_id, user_id, assignment_id, title, category, priority, time_allocated, status) VALUES (24, 28, NULL, 'Team meeting prep', 'work', 'low', 60, 'not_started');
INSERT INTO tasks (task_id, user_id, assignment_id, title, category, priority, time_allocated, status) VALUES (25, 28, NULL, 'Organize fundraiser', 'extracurricular', 'medium', 30, 'in_progress');
INSERT INTO tasks (task_id, user_id, assignment_id, title, category, priority, time_allocated, status) VALUES (26, 29, 31, 'Complete assignment #31', 'school', 'medium', 90, 'not_started');
INSERT INTO tasks (task_id, user_id, assignment_id, title, category, priority, time_allocated, status) VALUES (27, 29, NULL, 'Club meeting', 'extracurricular', 'medium', 15, 'completed');
INSERT INTO tasks (task_id, user_id, assignment_id, title, category, priority, time_allocated, status) VALUES (28, 29, NULL, 'Update resume', 'work', 'low', 15, 'completed');
INSERT INTO tasks (task_id, user_id, assignment_id, title, category, priority, time_allocated, status) VALUES (29, 29, NULL, 'Grocery shopping', 'personal', 'low', 30, 'not_started');
INSERT INTO tasks (task_id, user_id, assignment_id, title, category, priority, time_allocated, status) VALUES (30, 29, NULL, 'Submit timesheet', 'work', 'low', 30, 'not_started');
INSERT INTO tasks (task_id, user_id, assignment_id, title, category, priority, time_allocated, status) VALUES (31, 29, NULL, 'Grocery shopping', 'personal', 'high', 30, 'in_progress');
INSERT INTO tasks (task_id, user_id, assignment_id, title, category, priority, time_allocated, status) VALUES (32, 30, 15, 'Complete assignment #15', 'school', 'medium', 60, 'not_started');
INSERT INTO tasks (task_id, user_id, assignment_id, title, category, priority, time_allocated, status) VALUES (33, 30, 16, 'Complete assignment #16', 'school', 'high', 30, 'completed');
INSERT INTO tasks (task_id, user_id, assignment_id, title, category, priority, time_allocated, status) VALUES (34, 30, 17, 'Complete assignment #17', 'school', 'low', 60, 'not_started');
INSERT INTO tasks (task_id, user_id, assignment_id, title, category, priority, time_allocated, status) VALUES (35, 30, 18, 'Complete assignment #18', 'school', 'low', 60, 'in_progress');
INSERT INTO tasks (task_id, user_id, assignment_id, title, category, priority, time_allocated, status) VALUES (36, 30, 19, 'Complete assignment #19', 'school', 'medium', 90, 'completed');
INSERT INTO tasks (task_id, user_id, assignment_id, title, category, priority, time_allocated, status) VALUES (37, 30, 1, 'Complete assignment #1', 'school', 'low', 30, 'in_progress');
INSERT INTO tasks (task_id, user_id, assignment_id, title, category, priority, time_allocated, status) VALUES (38, 30, 2, 'Complete assignment #2', 'school', 'high', 45, 'not_started');
INSERT INTO tasks (task_id, user_id, assignment_id, title, category, priority, time_allocated, status) VALUES (39, 30, 3, 'Complete assignment #3', 'school', 'medium', 120, 'completed');
INSERT INTO tasks (task_id, user_id, assignment_id, title, category, priority, time_allocated, status) VALUES (40, 30, 4, 'Complete assignment #4', 'school', 'high', 30, 'in_progress');
INSERT INTO tasks (task_id, user_id, assignment_id, title, category, priority, time_allocated, status) VALUES (41, 30, NULL, 'Call family', 'personal', 'low', 90, 'completed');
INSERT INTO tasks (task_id, user_id, assignment_id, title, category, priority, time_allocated, status) VALUES (42, 30, NULL, 'Team meeting prep', 'work', 'medium', 15, 'in_progress');
INSERT INTO tasks (task_id, user_id, assignment_id, title, category, priority, time_allocated, status) VALUES (43, 30, NULL, 'Organize fundraiser', 'extracurricular', 'high', 30, 'in_progress');
INSERT INTO tasks (task_id, user_id, assignment_id, title, category, priority, time_allocated, status) VALUES (44, 30, NULL, 'Meal prep', 'personal', 'high', 45, 'completed');
INSERT INTO tasks (task_id, user_id, assignment_id, title, category, priority, time_allocated, status) VALUES (45, 30, NULL, 'Clean apartment', 'personal', 'medium', 60, 'completed');
INSERT INTO tasks (task_id, user_id, assignment_id, title, category, priority, time_allocated, status) VALUES (46, 31, 70, 'Complete assignment #70', 'school', 'high', 60, 'in_progress');
INSERT INTO tasks (task_id, user_id, assignment_id, title, category, priority, time_allocated, status) VALUES (47, 31, 71, 'Complete assignment #71', 'school', 'low', 30, 'not_started');
INSERT INTO tasks (task_id, user_id, assignment_id, title, category, priority, time_allocated, status) VALUES (48, 31, 72, 'Complete assignment #72', 'school', 'medium', 45, 'completed');
INSERT INTO tasks (task_id, user_id, assignment_id, title, category, priority, time_allocated, status) VALUES (49, 31, NULL, 'Club meeting', 'extracurricular', 'medium', 45, 'not_started');
INSERT INTO tasks (task_id, user_id, assignment_id, title, category, priority, time_allocated, status) VALUES (50, 31, NULL, 'Update resume', 'work', 'medium', 45, 'in_progress');
INSERT INTO tasks (task_id, user_id, assignment_id, title, category, priority, time_allocated, status) VALUES (51, 31, NULL, 'Laundry', 'personal', 'medium', 90, 'not_started');
INSERT INTO tasks (task_id, user_id, assignment_id, title, category, priority, time_allocated, status) VALUES (52, 31, NULL, 'Shift at cafe', 'work', 'low', 60, 'in_progress');
INSERT INTO tasks (task_id, user_id, assignment_id, title, category, priority, time_allocated, status) VALUES (53, 31, NULL, 'Team meeting prep', 'work', 'high', 60, 'in_progress');
INSERT INTO tasks (task_id, user_id, assignment_id, title, category, priority, time_allocated, status) VALUES (54, 32, 84, 'Complete assignment #84', 'school', 'low', 30, 'not_started');
INSERT INTO tasks (task_id, user_id, assignment_id, title, category, priority, time_allocated, status) VALUES (55, 32, 85, 'Complete assignment #85', 'school', 'medium', 45, 'in_progress');
INSERT INTO tasks (task_id, user_id, assignment_id, title, category, priority, time_allocated, status) VALUES (56, 32, NULL, 'Rehearsal', 'extracurricular', 'high', 45, 'in_progress');
INSERT INTO tasks (task_id, user_id, assignment_id, title, category, priority, time_allocated, status) VALUES (57, 32, NULL, 'Meal prep', 'personal', 'medium', 45, 'completed');
INSERT INTO tasks (task_id, user_id, assignment_id, title, category, priority, time_allocated, status) VALUES (58, 32, NULL, 'Practice session', 'extracurricular', 'medium', 30, 'not_started');
INSERT INTO tasks (task_id, user_id, assignment_id, title, category, priority, time_allocated, status) VALUES (59, 32, NULL, 'Update resume', 'work', 'low', 90, 'completed');
INSERT INTO tasks (task_id, user_id, assignment_id, title, category, priority, time_allocated, status) VALUES (60, 33, 53, 'Complete assignment #53', 'school', 'high', 45, 'not_started');
INSERT INTO tasks (task_id, user_id, assignment_id, title, category, priority, time_allocated, status) VALUES (61, 33, 54, 'Complete assignment #54', 'school', 'high', 90, 'not_started');
INSERT INTO tasks (task_id, user_id, assignment_id, title, category, priority, time_allocated, status) VALUES (62, 33, NULL, 'Freelance project', 'work', 'medium', 30, 'in_progress');
INSERT INTO tasks (task_id, user_id, assignment_id, title, category, priority, time_allocated, status) VALUES (63, 33, NULL, 'Club meeting', 'extracurricular', 'high', 90, 'not_started');
INSERT INTO tasks (task_id, user_id, assignment_id, title, category, priority, time_allocated, status) VALUES (64, 33, NULL, 'Shift at cafe', 'work', 'high', 45, 'completed');
INSERT INTO tasks (task_id, user_id, assignment_id, title, category, priority, time_allocated, status) VALUES (65, 33, NULL, 'Team meeting prep', 'work', 'low', 15, 'completed');
INSERT INTO tasks (task_id, user_id, assignment_id, title, category, priority, time_allocated, status) VALUES (66, 34, 82, 'Complete assignment #82', 'school', 'medium', 90, 'in_progress');
INSERT INTO tasks (task_id, user_id, assignment_id, title, category, priority, time_allocated, status) VALUES (67, 34, 83, 'Complete assignment #83', 'school', 'low', 30, 'not_started');
INSERT INTO tasks (task_id, user_id, assignment_id, title, category, priority, time_allocated, status) VALUES (68, 34, NULL, 'Shift at cafe', 'work', 'medium', 60, 'not_started');
INSERT INTO tasks (task_id, user_id, assignment_id, title, category, priority, time_allocated, status) VALUES (69, 34, NULL, 'Laundry', 'personal', 'low', 30, 'not_started');
INSERT INTO tasks (task_id, user_id, assignment_id, title, category, priority, time_allocated, status) VALUES (70, 34, NULL, 'Call family', 'personal', 'low', 30, 'not_started');
INSERT INTO tasks (task_id, user_id, assignment_id, title, category, priority, time_allocated, status) VALUES (71, 34, NULL, 'Rehearsal', 'extracurricular', 'high', 90, 'not_started');
INSERT INTO tasks (task_id, user_id, assignment_id, title, category, priority, time_allocated, status) VALUES (72, 34, NULL, 'Clean apartment', 'personal', 'medium', 60, 'in_progress');
INSERT INTO tasks (task_id, user_id, assignment_id, title, category, priority, time_allocated, status) VALUES (73, 35, NULL, 'Rehearsal', 'extracurricular', 'high', 15, 'completed');
INSERT INTO tasks (task_id, user_id, assignment_id, title, category, priority, time_allocated, status) VALUES (74, 35, NULL, 'Grocery shopping', 'personal', 'low', 30, 'in_progress');
INSERT INTO tasks (task_id, user_id, assignment_id, title, category, priority, time_allocated, status) VALUES (75, 35, NULL, 'Freelance project', 'work', 'low', 30, 'completed');
INSERT INTO tasks (task_id, user_id, assignment_id, title, category, priority, time_allocated, status) VALUES (76, 35, NULL, 'Shift at cafe', 'work', 'medium', 60, 'completed');
INSERT INTO tasks (task_id, user_id, assignment_id, title, category, priority, time_allocated, status) VALUES (77, 35, NULL, 'Practice session', 'extracurricular', 'low', 30, 'in_progress');
INSERT INTO tasks (task_id, user_id, assignment_id, title, category, priority, time_allocated, status) VALUES (78, 36, 39, 'Complete assignment #39', 'school', 'medium', 90, 'not_started');
INSERT INTO tasks (task_id, user_id, assignment_id, title, category, priority, time_allocated, status) VALUES (79, 36, 40, 'Complete assignment #40', 'school', 'low', 60, 'completed');
INSERT INTO tasks (task_id, user_id, assignment_id, title, category, priority, time_allocated, status) VALUES (80, 36, 41, 'Complete assignment #41', 'school', 'high', 120, 'completed');
INSERT INTO tasks (task_id, user_id, assignment_id, title, category, priority, time_allocated, status) VALUES (81, 36, 32, 'Complete assignment #32', 'school', 'low', 90, 'not_started');
INSERT INTO tasks (task_id, user_id, assignment_id, title, category, priority, time_allocated, status) VALUES (82, 36, 33, 'Complete assignment #33', 'school', 'low', 45, 'completed');
INSERT INTO tasks (task_id, user_id, assignment_id, title, category, priority, time_allocated, status) VALUES (83, 36, 34, 'Complete assignment #34', 'school', 'low', 30, 'not_started');
INSERT INTO tasks (task_id, user_id, assignment_id, title, category, priority, time_allocated, status) VALUES (84, 36, 42, 'Complete assignment #42', 'school', 'medium', 120, 'completed');
INSERT INTO tasks (task_id, user_id, assignment_id, title, category, priority, time_allocated, status) VALUES (85, 36, NULL, 'Club meeting', 'extracurricular', 'medium', 45, 'completed');
INSERT INTO tasks (task_id, user_id, assignment_id, title, category, priority, time_allocated, status) VALUES (86, 36, NULL, 'Rehearsal', 'extracurricular', 'high', 60, 'in_progress');
INSERT INTO tasks (task_id, user_id, assignment_id, title, category, priority, time_allocated, status) VALUES (87, 36, NULL, 'Grocery shopping', 'personal', 'medium', 45, 'completed');
INSERT INTO tasks (task_id, user_id, assignment_id, title, category, priority, time_allocated, status) VALUES (88, 36, NULL, 'Shift at cafe', 'work', 'low', 90, 'completed');
INSERT INTO tasks (task_id, user_id, assignment_id, title, category, priority, time_allocated, status) VALUES (89, 37, 6, 'Complete assignment #6', 'school', 'low', 60, 'in_progress');
INSERT INTO tasks (task_id, user_id, assignment_id, title, category, priority, time_allocated, status) VALUES (90, 37, 7, 'Complete assignment #7', 'school', 'low', 90, 'in_progress');
INSERT INTO tasks (task_id, user_id, assignment_id, title, category, priority, time_allocated, status) VALUES (91, 37, 8, 'Complete assignment #8', 'school', 'medium', 60, 'not_started');
INSERT INTO tasks (task_id, user_id, assignment_id, title, category, priority, time_allocated, status) VALUES (92, 37, 9, 'Complete assignment #9', 'school', 'high', 90, 'completed');
INSERT INTO tasks (task_id, user_id, assignment_id, title, category, priority, time_allocated, status) VALUES (93, 37, 10, 'Complete assignment #10', 'school', 'medium', 30, 'in_progress');
INSERT INTO tasks (task_id, user_id, assignment_id, title, category, priority, time_allocated, status) VALUES (94, 37, 11, 'Complete assignment #11', 'school', 'medium', 60, 'in_progress');
INSERT INTO tasks (task_id, user_id, assignment_id, title, category, priority, time_allocated, status) VALUES (95, 37, NULL, 'Update resume', 'work', 'medium', 60, 'in_progress');
INSERT INTO tasks (task_id, user_id, assignment_id, title, category, priority, time_allocated, status) VALUES (96, 37, NULL, 'Rehearsal', 'extracurricular', 'low', 60, 'not_started');
INSERT INTO tasks (task_id, user_id, assignment_id, title, category, priority, time_allocated, status) VALUES (97, 38, NULL, 'Club meeting', 'extracurricular', 'medium', 90, 'completed');
INSERT INTO tasks (task_id, user_id, assignment_id, title, category, priority, time_allocated, status) VALUES (98, 38, NULL, 'Submit timesheet', 'work', 'medium', 60, 'not_started');
INSERT INTO tasks (task_id, user_id, assignment_id, title, category, priority, time_allocated, status) VALUES (99, 38, NULL, 'Call family', 'personal', 'high', 60, 'completed');
INSERT INTO tasks (task_id, user_id, assignment_id, title, category, priority, time_allocated, status) VALUES (100, 38, NULL, 'Freelance project', 'work', 'medium', 90, 'not_started');
INSERT INTO tasks (task_id, user_id, assignment_id, title, category, priority, time_allocated, status) VALUES (101, 39, 32, 'Complete assignment #32', 'school', 'medium', 90, 'completed');
INSERT INTO tasks (task_id, user_id, assignment_id, title, category, priority, time_allocated, status) VALUES (102, 39, 33, 'Complete assignment #33', 'school', 'medium', 30, 'not_started');
INSERT INTO tasks (task_id, user_id, assignment_id, title, category, priority, time_allocated, status) VALUES (103, 39, 34, 'Complete assignment #34', 'school', 'high', 120, 'completed');
INSERT INTO tasks (task_id, user_id, assignment_id, title, category, priority, time_allocated, status) VALUES (104, 39, 31, 'Complete assignment #31', 'school', 'high', 45, 'in_progress');
INSERT INTO tasks (task_id, user_id, assignment_id, title, category, priority, time_allocated, status) VALUES (105, 39, 36, 'Complete assignment #36', 'school', 'low', 120, 'in_progress');
INSERT INTO tasks (task_id, user_id, assignment_id, title, category, priority, time_allocated, status) VALUES (106, 39, 37, 'Complete assignment #37', 'school', 'low', 30, 'in_progress');
INSERT INTO tasks (task_id, user_id, assignment_id, title, category, priority, time_allocated, status) VALUES (107, 39, 38, 'Complete assignment #38', 'school', 'low', 45, 'in_progress');
INSERT INTO tasks (task_id, user_id, assignment_id, title, category, priority, time_allocated, status) VALUES (108, 39, NULL, 'Laundry', 'personal', 'medium', 60, 'completed');
INSERT INTO tasks (task_id, user_id, assignment_id, title, category, priority, time_allocated, status) VALUES (109, 39, NULL, 'Volunteer event', 'extracurricular', 'medium', 90, 'not_started');
INSERT INTO tasks (task_id, user_id, assignment_id, title, category, priority, time_allocated, status) VALUES (110, 39, NULL, 'Submit timesheet', 'work', 'high', 30, 'completed');
INSERT INTO tasks (task_id, user_id, assignment_id, title, category, priority, time_allocated, status) VALUES (111, 39, NULL, 'Organize fundraiser', 'extracurricular', 'medium', 90, 'in_progress');
INSERT INTO tasks (task_id, user_id, assignment_id, title, category, priority, time_allocated, status) VALUES (112, 40, 84, 'Complete assignment #84', 'school', 'low', 60, 'completed');
INSERT INTO tasks (task_id, user_id, assignment_id, title, category, priority, time_allocated, status) VALUES (113, 40, 85, 'Complete assignment #85', 'school', 'high', 120, 'completed');
INSERT INTO tasks (task_id, user_id, assignment_id, title, category, priority, time_allocated, status) VALUES (114, 40, NULL, 'Team meeting prep', 'work', 'high', 60, 'in_progress');
INSERT INTO tasks (task_id, user_id, assignment_id, title, category, priority, time_allocated, status) VALUES (115, 40, NULL, 'Meal prep', 'personal', 'medium', 60, 'completed');
INSERT INTO tasks (task_id, user_id, assignment_id, title, category, priority, time_allocated, status) VALUES (116, 40, NULL, 'Freelance project', 'work', 'high', 60, 'not_started');
INSERT INTO tasks (task_id, user_id, assignment_id, title, category, priority, time_allocated, status) VALUES (117, 40, NULL, 'Club meeting', 'extracurricular', 'medium', 60, 'completed');
INSERT INTO tasks (task_id, user_id, assignment_id, title, category, priority, time_allocated, status) VALUES (118, 40, NULL, 'Organize fundraiser', 'extracurricular', 'high', 30, 'in_progress');
INSERT INTO tasks (task_id, user_id, assignment_id, title, category, priority, time_allocated, status) VALUES (119, 41, 79, 'Complete assignment #79', 'school', 'low', 45, 'in_progress');
INSERT INTO tasks (task_id, user_id, assignment_id, title, category, priority, time_allocated, status) VALUES (120, 41, 80, 'Complete assignment #80', 'school', 'high', 60, 'completed');
INSERT INTO tasks (task_id, user_id, assignment_id, title, category, priority, time_allocated, status) VALUES (121, 41, 81, 'Complete assignment #81', 'school', 'medium', 30, 'in_progress');
INSERT INTO tasks (task_id, user_id, assignment_id, title, category, priority, time_allocated, status) VALUES (122, 41, 73, 'Complete assignment #73', 'school', 'medium', 30, 'completed');
INSERT INTO tasks (task_id, user_id, assignment_id, title, category, priority, time_allocated, status) VALUES (123, 41, 74, 'Complete assignment #74', 'school', 'medium', 45, 'not_started');
INSERT INTO tasks (task_id, user_id, assignment_id, title, category, priority, time_allocated, status) VALUES (124, 41, 75, 'Complete assignment #75', 'school', 'medium', 60, 'completed');
INSERT INTO tasks (task_id, user_id, assignment_id, title, category, priority, time_allocated, status) VALUES (125, 41, NULL, 'Grocery shopping', 'personal', 'medium', 90, 'in_progress');
INSERT INTO tasks (task_id, user_id, assignment_id, title, category, priority, time_allocated, status) VALUES (126, 41, NULL, 'Organize fundraiser', 'extracurricular', 'high', 15, 'completed');
INSERT INTO tasks (task_id, user_id, assignment_id, title, category, priority, time_allocated, status) VALUES (127, 41, NULL, 'Update resume', 'work', 'low', 15, 'in_progress');
INSERT INTO tasks (task_id, user_id, assignment_id, title, category, priority, time_allocated, status) VALUES (128, 41, NULL, 'Shift at cafe', 'work', 'medium', 30, 'completed');
INSERT INTO tasks (task_id, user_id, assignment_id, title, category, priority, time_allocated, status) VALUES (129, 41, NULL, 'Shift at cafe', 'work', 'medium', 15, 'in_progress');
INSERT INTO tasks (task_id, user_id, assignment_id, title, category, priority, time_allocated, status) VALUES (130, 42, 62, 'Complete assignment #62', 'school', 'medium', 90, 'not_started');
INSERT INTO tasks (task_id, user_id, assignment_id, title, category, priority, time_allocated, status) VALUES (131, 42, 63, 'Complete assignment #63', 'school', 'high', 90, 'in_progress');
INSERT INTO tasks (task_id, user_id, assignment_id, title, category, priority, time_allocated, status) VALUES (132, 42, 64, 'Complete assignment #64', 'school', 'low', 45, 'not_started');
INSERT INTO tasks (task_id, user_id, assignment_id, title, category, priority, time_allocated, status) VALUES (133, 42, 53, 'Complete assignment #53', 'school', 'high', 90, 'completed');
INSERT INTO tasks (task_id, user_id, assignment_id, title, category, priority, time_allocated, status) VALUES (134, 42, 54, 'Complete assignment #54', 'school', 'low', 90, 'completed');
INSERT INTO tasks (task_id, user_id, assignment_id, title, category, priority, time_allocated, status) VALUES (135, 42, NULL, 'Team meeting prep', 'work', 'high', 45, 'in_progress');
INSERT INTO tasks (task_id, user_id, assignment_id, title, category, priority, time_allocated, status) VALUES (136, 42, NULL, 'Grocery shopping', 'personal', 'medium', 45, 'completed');
INSERT INTO tasks (task_id, user_id, assignment_id, title, category, priority, time_allocated, status) VALUES (137, 42, NULL, 'Shift at cafe', 'work', 'medium', 45, 'completed');
INSERT INTO tasks (task_id, user_id, assignment_id, title, category, priority, time_allocated, status) VALUES (138, 43, 88, 'Complete assignment #88', 'school', 'medium', 90, 'completed');
INSERT INTO tasks (task_id, user_id, assignment_id, title, category, priority, time_allocated, status) VALUES (139, 43, 86, 'Complete assignment #86', 'school', 'medium', 60, 'not_started');
INSERT INTO tasks (task_id, user_id, assignment_id, title, category, priority, time_allocated, status) VALUES (140, 43, 87, 'Complete assignment #87', 'school', 'medium', 90, 'not_started');
INSERT INTO tasks (task_id, user_id, assignment_id, title, category, priority, time_allocated, status) VALUES (141, 43, NULL, 'Call family', 'personal', 'high', 45, 'completed');
INSERT INTO tasks (task_id, user_id, assignment_id, title, category, priority, time_allocated, status) VALUES (142, 43, NULL, 'Club meeting', 'extracurricular', 'high', 60, 'in_progress');
INSERT INTO tasks (task_id, user_id, assignment_id, title, category, priority, time_allocated, status) VALUES (143, 43, NULL, 'Laundry', 'personal', 'high', 15, 'completed');
INSERT INTO tasks (task_id, user_id, assignment_id, title, category, priority, time_allocated, status) VALUES (144, 43, NULL, 'Clean apartment', 'personal', 'medium', 30, 'completed');
INSERT INTO tasks (task_id, user_id, assignment_id, title, category, priority, time_allocated, status) VALUES (145, 43, NULL, 'Volunteer event', 'extracurricular', 'high', 30, 'completed');
INSERT INTO tasks (task_id, user_id, assignment_id, title, category, priority, time_allocated, status) VALUES (146, 44, 30, 'Complete assignment #30', 'school', 'high', 45, 'completed');
INSERT INTO tasks (task_id, user_id, assignment_id, title, category, priority, time_allocated, status) VALUES (147, 44, NULL, 'Organize fundraiser', 'extracurricular', 'low', 90, 'in_progress');
INSERT INTO tasks (task_id, user_id, assignment_id, title, category, priority, time_allocated, status) VALUES (148, 44, NULL, 'Shift at cafe', 'work', 'medium', 45, 'completed');

-- timer_sessions (141 rows)
-- ==================================================
INSERT INTO timer_sessions (session_id, task_id, user_id, start_time, end_time, duration, session_type) VALUES (1, 4, 25, '2026-04-18 15:05:25', '2026-04-18 15:50:25', 45, 'custom');
INSERT INTO timer_sessions (session_id, task_id, user_id, start_time, end_time, duration, session_type) VALUES (2, 4, 25, '2026-04-18 15:04:33', '2026-04-18 15:29:33', 25, 'pomodoro');
INSERT INTO timer_sessions (session_id, task_id, user_id, start_time, end_time, duration, session_type) VALUES (3, 5, 25, '2026-04-18 15:05:15', '2026-04-18 15:50:15', 45, 'custom');
INSERT INTO timer_sessions (session_id, task_id, user_id, start_time, end_time, duration, session_type) VALUES (4, 6, 25, '2026-04-18 15:04:30', '2026-04-18 15:49:30', 45, 'custom');
INSERT INTO timer_sessions (session_id, task_id, user_id, start_time, end_time, duration, session_type) VALUES (5, 7, 25, '2026-04-18 15:05:09', '2026-04-18 15:20:09', 15, 'custom');
INSERT INTO timer_sessions (session_id, task_id, user_id, start_time, end_time, duration, session_type) VALUES (6, 7, 25, '2026-04-18 15:04:43', '2026-04-18 15:29:43', 25, 'pomodoro');
INSERT INTO timer_sessions (session_id, task_id, user_id, start_time, end_time, duration, session_type) VALUES (7, 11, 25, '2026-04-18 15:05:46', '2026-04-18 16:05:46', 60, 'custom');
INSERT INTO timer_sessions (session_id, task_id, user_id, start_time, end_time, duration, session_type) VALUES (8, 11, 25, '2026-04-18 15:06:36', '2026-04-18 16:36:36', 90, 'custom');
INSERT INTO timer_sessions (session_id, task_id, user_id, start_time, end_time, duration, session_type) VALUES (9, 12, 26, '2026-04-18 15:06:07', '2026-04-18 15:31:07', 25, 'pomodoro');
INSERT INTO timer_sessions (session_id, task_id, user_id, start_time, end_time, duration, session_type) VALUES (10, 13, 26, '2026-04-18 15:04:40', '2026-04-18 15:29:40', 25, 'pomodoro');
INSERT INTO timer_sessions (session_id, task_id, user_id, start_time, end_time, duration, session_type) VALUES (11, 14, 26, '2026-04-18 15:07:10', '2026-04-18 15:32:10', 25, 'pomodoro');
INSERT INTO timer_sessions (session_id, task_id, user_id, start_time, end_time, duration, session_type) VALUES (12, 14, 26, '2026-04-18 15:07:27', '2026-04-18 15:32:27', 25, 'pomodoro');
INSERT INTO timer_sessions (session_id, task_id, user_id, start_time, end_time, duration, session_type) VALUES (13, 15, 27, '2026-04-18 15:05:54', '2026-04-18 15:30:54', 25, 'pomodoro');
INSERT INTO timer_sessions (session_id, task_id, user_id, start_time, end_time, duration, session_type) VALUES (14, 15, 27, '2026-04-18 15:05:21', '2026-04-18 15:30:21', 25, 'pomodoro');
INSERT INTO timer_sessions (session_id, task_id, user_id, start_time, end_time, duration, session_type) VALUES (15, 16, 27, '2026-04-18 15:05:02', '2026-04-18 15:20:02', 15, 'custom');
INSERT INTO timer_sessions (session_id, task_id, user_id, start_time, end_time, duration, session_type) VALUES (16, 16, 27, '2026-04-18 15:04:54', '2026-04-18 15:29:54', 25, 'pomodoro');
INSERT INTO timer_sessions (session_id, task_id, user_id, start_time, end_time, duration, session_type) VALUES (17, 17, 27, '2026-04-18 15:06:25', '2026-04-18 15:31:25', 25, 'pomodoro');
INSERT INTO timer_sessions (session_id, task_id, user_id, start_time, end_time, duration, session_type) VALUES (18, 18, 27, '2026-04-18 15:06:41', '2026-04-18 15:31:41', 25, 'pomodoro');
INSERT INTO timer_sessions (session_id, task_id, user_id, start_time, end_time, duration, session_type) VALUES (19, 18, 27, '2026-04-18 15:07:23', '2026-04-18 15:32:23', 25, 'pomodoro');
INSERT INTO timer_sessions (session_id, task_id, user_id, start_time, end_time, duration, session_type) VALUES (20, 19, 27, '2026-04-18 15:05:37', '2026-04-18 15:30:37', 25, 'pomodoro');
INSERT INTO timer_sessions (session_id, task_id, user_id, start_time, end_time, duration, session_type) VALUES (21, 19, 27, '2026-04-18 15:07:10', '2026-04-18 15:52:10', 45, 'custom');
INSERT INTO timer_sessions (session_id, task_id, user_id, start_time, end_time, duration, session_type) VALUES (22, 20, 27, '2026-04-18 15:05:50', '2026-04-18 15:30:50', 25, 'pomodoro');
INSERT INTO timer_sessions (session_id, task_id, user_id, start_time, end_time, duration, session_type) VALUES (23, 20, 27, '2026-04-18 15:07:15', '2026-04-18 15:32:15', 25, 'pomodoro');
INSERT INTO timer_sessions (session_id, task_id, user_id, start_time, end_time, duration, session_type) VALUES (24, 22, 27, '2026-04-18 15:05:37', '2026-04-18 15:20:37', 15, 'custom');
INSERT INTO timer_sessions (session_id, task_id, user_id, start_time, end_time, duration, session_type) VALUES (25, 25, 28, '2026-04-18 15:04:44', '2026-04-18 15:29:44', 25, 'pomodoro');
INSERT INTO timer_sessions (session_id, task_id, user_id, start_time, end_time, duration, session_type) VALUES (26, 25, 28, '2026-04-18 15:07:23', '2026-04-18 15:32:23', 25, 'pomodoro');
INSERT INTO timer_sessions (session_id, task_id, user_id, start_time, end_time, duration, session_type) VALUES (27, 26, 29, '2026-04-18 15:07:07', '2026-04-18 16:37:07', 90, 'custom');
INSERT INTO timer_sessions (session_id, task_id, user_id, start_time, end_time, duration, session_type) VALUES (28, 26, 29, '2026-04-18 15:04:53', '2026-04-18 15:29:53', 25, 'pomodoro');
INSERT INTO timer_sessions (session_id, task_id, user_id, start_time, end_time, duration, session_type) VALUES (29, 27, 29, '2026-04-18 15:07:04', '2026-04-18 16:07:04', 60, 'custom');
INSERT INTO timer_sessions (session_id, task_id, user_id, start_time, end_time, duration, session_type) VALUES (30, 27, 29, '2026-04-18 15:04:51', '2026-04-18 15:29:51', 25, 'pomodoro');
INSERT INTO timer_sessions (session_id, task_id, user_id, start_time, end_time, duration, session_type) VALUES (31, 28, 29, '2026-04-18 15:07:28', '2026-04-18 15:32:28', 25, 'pomodoro');
INSERT INTO timer_sessions (session_id, task_id, user_id, start_time, end_time, duration, session_type) VALUES (32, 29, 29, '2026-04-18 15:05:40', '2026-04-18 15:30:40', 25, 'pomodoro');
INSERT INTO timer_sessions (session_id, task_id, user_id, start_time, end_time, duration, session_type) VALUES (33, 30, 29, '2026-04-18 15:04:52', '2026-04-18 15:29:52', 25, 'pomodoro');
INSERT INTO timer_sessions (session_id, task_id, user_id, start_time, end_time, duration, session_type) VALUES (34, 31, 29, '2026-04-18 15:07:26', '2026-04-18 15:52:26', 45, 'custom');
INSERT INTO timer_sessions (session_id, task_id, user_id, start_time, end_time, duration, session_type) VALUES (35, 33, 30, '2026-04-18 15:07:00', '2026-04-18 15:32:00', 25, 'pomodoro');
INSERT INTO timer_sessions (session_id, task_id, user_id, start_time, end_time, duration, session_type) VALUES (36, 33, 30, '2026-04-18 15:06:46', '2026-04-18 15:51:46', 45, 'custom');
INSERT INTO timer_sessions (session_id, task_id, user_id, start_time, end_time, duration, session_type) VALUES (37, 35, 30, '2026-04-18 15:07:26', '2026-04-18 15:32:26', 25, 'pomodoro');
INSERT INTO timer_sessions (session_id, task_id, user_id, start_time, end_time, duration, session_type) VALUES (38, 37, 30, '2026-04-18 15:05:53', '2026-04-18 15:30:53', 25, 'pomodoro');
INSERT INTO timer_sessions (session_id, task_id, user_id, start_time, end_time, duration, session_type) VALUES (39, 39, 30, '2026-04-18 15:06:39', '2026-04-18 15:31:39', 25, 'pomodoro');
INSERT INTO timer_sessions (session_id, task_id, user_id, start_time, end_time, duration, session_type) VALUES (40, 39, 30, '2026-04-18 15:05:46', '2026-04-18 15:20:46', 15, 'custom');
INSERT INTO timer_sessions (session_id, task_id, user_id, start_time, end_time, duration, session_type) VALUES (41, 40, 30, '2026-04-18 15:05:38', '2026-04-18 15:30:38', 25, 'pomodoro');
INSERT INTO timer_sessions (session_id, task_id, user_id, start_time, end_time, duration, session_type) VALUES (42, 42, 30, '2026-04-18 15:05:11', '2026-04-18 15:30:11', 25, 'pomodoro');
INSERT INTO timer_sessions (session_id, task_id, user_id, start_time, end_time, duration, session_type) VALUES (43, 42, 30, '2026-04-18 15:05:52', '2026-04-18 16:35:52', 90, 'custom');
INSERT INTO timer_sessions (session_id, task_id, user_id, start_time, end_time, duration, session_type) VALUES (44, 44, 30, '2026-04-18 15:04:57', '2026-04-18 15:29:57', 25, 'pomodoro');
INSERT INTO timer_sessions (session_id, task_id, user_id, start_time, end_time, duration, session_type) VALUES (45, 44, 30, '2026-04-18 15:05:03', '2026-04-18 15:50:03', 45, 'custom');
INSERT INTO timer_sessions (session_id, task_id, user_id, start_time, end_time, duration, session_type) VALUES (46, 46, 31, '2026-04-18 15:07:07', '2026-04-18 15:32:07', 25, 'pomodoro');
INSERT INTO timer_sessions (session_id, task_id, user_id, start_time, end_time, duration, session_type) VALUES (47, 46, 31, '2026-04-18 15:06:47', '2026-04-18 15:36:47', 30, 'custom');
INSERT INTO timer_sessions (session_id, task_id, user_id, start_time, end_time, duration, session_type) VALUES (48, 48, 31, '2026-04-18 15:04:35', '2026-04-18 15:29:35', 25, 'pomodoro');
INSERT INTO timer_sessions (session_id, task_id, user_id, start_time, end_time, duration, session_type) VALUES (49, 48, 31, '2026-04-18 15:06:28', '2026-04-18 15:31:28', 25, 'pomodoro');
INSERT INTO timer_sessions (session_id, task_id, user_id, start_time, end_time, duration, session_type) VALUES (50, 49, 31, '2026-04-18 15:06:20', '2026-04-18 15:36:20', 30, 'custom');
INSERT INTO timer_sessions (session_id, task_id, user_id, start_time, end_time, duration, session_type) VALUES (51, 49, 31, '2026-04-18 15:07:18', '2026-04-18 15:32:18', 25, 'pomodoro');
INSERT INTO timer_sessions (session_id, task_id, user_id, start_time, end_time, duration, session_type) VALUES (52, 51, 31, '2026-04-18 15:07:10', '2026-04-18 15:32:10', 25, 'pomodoro');
INSERT INTO timer_sessions (session_id, task_id, user_id, start_time, end_time, duration, session_type) VALUES (53, 51, 31, '2026-04-18 15:05:13', '2026-04-18 15:30:13', 25, 'pomodoro');
INSERT INTO timer_sessions (session_id, task_id, user_id, start_time, end_time, duration, session_type) VALUES (54, 54, 32, '2026-04-18 15:04:42', '2026-04-18 15:29:42', 25, 'pomodoro');
INSERT INTO timer_sessions (session_id, task_id, user_id, start_time, end_time, duration, session_type) VALUES (55, 54, 32, '2026-04-18 15:06:16', '2026-04-18 15:31:16', 25, 'pomodoro');
INSERT INTO timer_sessions (session_id, task_id, user_id, start_time, end_time, duration, session_type) VALUES (56, 56, 32, '2026-04-18 15:05:50', '2026-04-18 15:30:50', 25, 'pomodoro');
INSERT INTO timer_sessions (session_id, task_id, user_id, start_time, end_time, duration, session_type) VALUES (57, 57, 32, '2026-04-18 15:06:30', '2026-04-18 15:31:30', 25, 'pomodoro');
INSERT INTO timer_sessions (session_id, task_id, user_id, start_time, end_time, duration, session_type) VALUES (58, 59, 32, '2026-04-18 15:07:06', '2026-04-18 15:32:06', 25, 'pomodoro');
INSERT INTO timer_sessions (session_id, task_id, user_id, start_time, end_time, duration, session_type) VALUES (59, 60, 33, '2026-04-18 15:05:14', '2026-04-18 15:30:14', 25, 'pomodoro');
INSERT INTO timer_sessions (session_id, task_id, user_id, start_time, end_time, duration, session_type) VALUES (60, 60, 33, '2026-04-18 15:04:37', '2026-04-18 16:34:37', 90, 'custom');
INSERT INTO timer_sessions (session_id, task_id, user_id, start_time, end_time, duration, session_type) VALUES (61, 61, 33, '2026-04-18 15:05:49', '2026-04-18 15:30:49', 25, 'pomodoro');
INSERT INTO timer_sessions (session_id, task_id, user_id, start_time, end_time, duration, session_type) VALUES (62, 64, 33, '2026-04-18 15:06:07', '2026-04-18 16:06:07', 60, 'custom');
INSERT INTO timer_sessions (session_id, task_id, user_id, start_time, end_time, duration, session_type) VALUES (63, 65, 33, '2026-04-18 15:06:45', '2026-04-18 15:31:45', 25, 'pomodoro');
INSERT INTO timer_sessions (session_id, task_id, user_id, start_time, end_time, duration, session_type) VALUES (64, 65, 33, '2026-04-18 15:06:49', '2026-04-18 16:06:49', 60, 'custom');
INSERT INTO timer_sessions (session_id, task_id, user_id, start_time, end_time, duration, session_type) VALUES (65, 68, 34, '2026-04-18 15:04:55', '2026-04-18 15:29:55', 25, 'pomodoro');
INSERT INTO timer_sessions (session_id, task_id, user_id, start_time, end_time, duration, session_type) VALUES (66, 71, 34, '2026-04-18 15:07:28', '2026-04-18 15:32:28', 25, 'pomodoro');
INSERT INTO timer_sessions (session_id, task_id, user_id, start_time, end_time, duration, session_type) VALUES (67, 72, 34, '2026-04-18 15:05:12', '2026-04-18 15:30:12', 25, 'pomodoro');
INSERT INTO timer_sessions (session_id, task_id, user_id, start_time, end_time, duration, session_type) VALUES (68, 72, 34, '2026-04-18 15:07:14', '2026-04-18 15:32:14', 25, 'pomodoro');
INSERT INTO timer_sessions (session_id, task_id, user_id, start_time, end_time, duration, session_type) VALUES (69, 73, 35, '2026-04-18 15:06:13', '2026-04-18 15:31:13', 25, 'pomodoro');
INSERT INTO timer_sessions (session_id, task_id, user_id, start_time, end_time, duration, session_type) VALUES (70, 73, 35, '2026-04-18 15:06:13', '2026-04-18 15:31:13', 25, 'pomodoro');
INSERT INTO timer_sessions (session_id, task_id, user_id, start_time, end_time, duration, session_type) VALUES (71, 74, 35, '2026-04-18 15:06:49', '2026-04-18 15:31:49', 25, 'pomodoro');
INSERT INTO timer_sessions (session_id, task_id, user_id, start_time, end_time, duration, session_type) VALUES (72, 74, 35, '2026-04-18 15:06:57', '2026-04-18 15:21:57', 15, 'custom');
INSERT INTO timer_sessions (session_id, task_id, user_id, start_time, end_time, duration, session_type) VALUES (73, 75, 35, '2026-04-18 15:05:12', '2026-04-18 15:30:12', 25, 'pomodoro');
INSERT INTO timer_sessions (session_id, task_id, user_id, start_time, end_time, duration, session_type) VALUES (74, 75, 35, '2026-04-18 15:07:07', '2026-04-18 15:37:07', 30, 'custom');
INSERT INTO timer_sessions (session_id, task_id, user_id, start_time, end_time, duration, session_type) VALUES (75, 76, 35, '2026-04-18 15:07:27', '2026-04-18 15:32:27', 25, 'pomodoro');
INSERT INTO timer_sessions (session_id, task_id, user_id, start_time, end_time, duration, session_type) VALUES (76, 78, 36, '2026-04-18 15:06:03', '2026-04-18 15:31:03', 25, 'pomodoro');
INSERT INTO timer_sessions (session_id, task_id, user_id, start_time, end_time, duration, session_type) VALUES (77, 79, 36, '2026-04-18 15:05:44', '2026-04-18 15:30:44', 25, 'pomodoro');
INSERT INTO timer_sessions (session_id, task_id, user_id, start_time, end_time, duration, session_type) VALUES (78, 80, 36, '2026-04-18 15:05:19', '2026-04-18 15:30:19', 25, 'pomodoro');
INSERT INTO timer_sessions (session_id, task_id, user_id, start_time, end_time, duration, session_type) VALUES (79, 80, 36, '2026-04-18 15:06:10', '2026-04-18 15:31:10', 25, 'pomodoro');
INSERT INTO timer_sessions (session_id, task_id, user_id, start_time, end_time, duration, session_type) VALUES (80, 81, 36, '2026-04-18 15:06:16', '2026-04-18 15:31:16', 25, 'pomodoro');
INSERT INTO timer_sessions (session_id, task_id, user_id, start_time, end_time, duration, session_type) VALUES (81, 81, 36, '2026-04-18 15:06:42', '2026-04-18 16:06:42', 60, 'custom');
INSERT INTO timer_sessions (session_id, task_id, user_id, start_time, end_time, duration, session_type) VALUES (82, 86, 36, '2026-04-18 15:05:01', '2026-04-18 15:30:01', 25, 'pomodoro');
INSERT INTO timer_sessions (session_id, task_id, user_id, start_time, end_time, duration, session_type) VALUES (83, 87, 36, '2026-04-18 15:06:32', '2026-04-18 15:31:32', 25, 'pomodoro');
INSERT INTO timer_sessions (session_id, task_id, user_id, start_time, end_time, duration, session_type) VALUES (84, 87, 36, '2026-04-18 15:06:10', '2026-04-18 15:31:10', 25, 'pomodoro');
INSERT INTO timer_sessions (session_id, task_id, user_id, start_time, end_time, duration, session_type) VALUES (85, 89, 37, '2026-04-18 15:04:38', '2026-04-18 16:34:38', 90, 'custom');
INSERT INTO timer_sessions (session_id, task_id, user_id, start_time, end_time, duration, session_type) VALUES (86, 89, 37, '2026-04-18 15:05:31', '2026-04-18 15:30:31', 25, 'pomodoro');
INSERT INTO timer_sessions (session_id, task_id, user_id, start_time, end_time, duration, session_type) VALUES (87, 91, 37, '2026-04-18 15:06:25', '2026-04-18 15:31:25', 25, 'pomodoro');
INSERT INTO timer_sessions (session_id, task_id, user_id, start_time, end_time, duration, session_type) VALUES (88, 92, 37, '2026-04-18 15:05:38', '2026-04-18 16:05:38', 60, 'custom');
INSERT INTO timer_sessions (session_id, task_id, user_id, start_time, end_time, duration, session_type) VALUES (89, 92, 37, '2026-04-18 15:06:04', '2026-04-18 15:21:04', 15, 'custom');
INSERT INTO timer_sessions (session_id, task_id, user_id, start_time, end_time, duration, session_type) VALUES (90, 93, 37, '2026-04-18 15:06:35', '2026-04-18 15:31:35', 25, 'pomodoro');
INSERT INTO timer_sessions (session_id, task_id, user_id, start_time, end_time, duration, session_type) VALUES (91, 94, 37, '2026-04-18 15:05:43', '2026-04-18 15:30:43', 25, 'pomodoro');
INSERT INTO timer_sessions (session_id, task_id, user_id, start_time, end_time, duration, session_type) VALUES (92, 95, 37, '2026-04-18 15:05:23', '2026-04-18 15:30:23', 25, 'pomodoro');
INSERT INTO timer_sessions (session_id, task_id, user_id, start_time, end_time, duration, session_type) VALUES (93, 95, 37, '2026-04-18 15:05:03', '2026-04-18 15:30:03', 25, 'pomodoro');
INSERT INTO timer_sessions (session_id, task_id, user_id, start_time, end_time, duration, session_type) VALUES (94, 98, 38, '2026-04-18 15:06:06', '2026-04-18 15:51:06', 45, 'custom');
INSERT INTO timer_sessions (session_id, task_id, user_id, start_time, end_time, duration, session_type) VALUES (95, 100, 38, '2026-04-18 15:05:13', '2026-04-18 15:30:13', 25, 'pomodoro');
INSERT INTO timer_sessions (session_id, task_id, user_id, start_time, end_time, duration, session_type) VALUES (96, 101, 39, '2026-04-18 15:05:10', '2026-04-18 16:35:10', 90, 'custom');
INSERT INTO timer_sessions (session_id, task_id, user_id, start_time, end_time, duration, session_type) VALUES (97, 102, 39, '2026-04-18 15:07:04', '2026-04-18 15:32:04', 25, 'pomodoro');
INSERT INTO timer_sessions (session_id, task_id, user_id, start_time, end_time, duration, session_type) VALUES (98, 102, 39, '2026-04-18 15:04:55', '2026-04-18 15:29:55', 25, 'pomodoro');
INSERT INTO timer_sessions (session_id, task_id, user_id, start_time, end_time, duration, session_type) VALUES (99, 103, 39, '2026-04-18 15:05:53', '2026-04-18 15:50:53', 45, 'custom');
INSERT INTO timer_sessions (session_id, task_id, user_id, start_time, end_time, duration, session_type) VALUES (100, 103, 39, '2026-04-18 15:04:40', '2026-04-18 15:29:40', 25, 'pomodoro');
INSERT INTO timer_sessions (session_id, task_id, user_id, start_time, end_time, duration, session_type) VALUES (101, 104, 39, '2026-04-18 15:05:44', '2026-04-18 15:50:44', 45, 'custom');
INSERT INTO timer_sessions (session_id, task_id, user_id, start_time, end_time, duration, session_type) VALUES (102, 105, 39, '2026-04-18 15:05:44', '2026-04-18 15:30:44', 25, 'pomodoro');
INSERT INTO timer_sessions (session_id, task_id, user_id, start_time, end_time, duration, session_type) VALUES (103, 108, 39, '2026-04-18 15:06:05', '2026-04-18 15:31:05', 25, 'pomodoro');
INSERT INTO timer_sessions (session_id, task_id, user_id, start_time, end_time, duration, session_type) VALUES (104, 108, 39, '2026-04-18 15:05:39', '2026-04-18 15:30:39', 25, 'pomodoro');
INSERT INTO timer_sessions (session_id, task_id, user_id, start_time, end_time, duration, session_type) VALUES (105, 109, 39, '2026-04-18 15:05:15', '2026-04-18 15:30:15', 25, 'pomodoro');
INSERT INTO timer_sessions (session_id, task_id, user_id, start_time, end_time, duration, session_type) VALUES (106, 109, 39, '2026-04-18 15:05:29', '2026-04-18 15:30:29', 25, 'pomodoro');
INSERT INTO timer_sessions (session_id, task_id, user_id, start_time, end_time, duration, session_type) VALUES (107, 110, 39, '2026-04-18 15:04:44', '2026-04-18 15:29:44', 25, 'pomodoro');
INSERT INTO timer_sessions (session_id, task_id, user_id, start_time, end_time, duration, session_type) VALUES (108, 110, 39, '2026-04-18 15:05:50', '2026-04-18 15:30:50', 25, 'pomodoro');
INSERT INTO timer_sessions (session_id, task_id, user_id, start_time, end_time, duration, session_type) VALUES (109, 111, 39, '2026-04-18 15:05:36', '2026-04-18 15:30:36', 25, 'pomodoro');
INSERT INTO timer_sessions (session_id, task_id, user_id, start_time, end_time, duration, session_type) VALUES (110, 112, 40, '2026-04-18 15:06:06', '2026-04-18 15:31:06', 25, 'pomodoro');
INSERT INTO timer_sessions (session_id, task_id, user_id, start_time, end_time, duration, session_type) VALUES (111, 113, 40, '2026-04-18 15:06:59', '2026-04-18 16:36:59', 90, 'custom');
INSERT INTO timer_sessions (session_id, task_id, user_id, start_time, end_time, duration, session_type) VALUES (112, 114, 40, '2026-04-18 15:04:39', '2026-04-18 15:29:39', 25, 'pomodoro');
INSERT INTO timer_sessions (session_id, task_id, user_id, start_time, end_time, duration, session_type) VALUES (113, 114, 40, '2026-04-18 15:05:37', '2026-04-18 15:30:37', 25, 'pomodoro');
INSERT INTO timer_sessions (session_id, task_id, user_id, start_time, end_time, duration, session_type) VALUES (114, 116, 40, '2026-04-18 15:06:18', '2026-04-18 15:31:18', 25, 'pomodoro');
INSERT INTO timer_sessions (session_id, task_id, user_id, start_time, end_time, duration, session_type) VALUES (115, 116, 40, '2026-04-18 15:04:37', '2026-04-18 15:29:37', 25, 'pomodoro');
INSERT INTO timer_sessions (session_id, task_id, user_id, start_time, end_time, duration, session_type) VALUES (116, 117, 40, '2026-04-18 15:04:43', '2026-04-18 15:29:43', 25, 'pomodoro');
INSERT INTO timer_sessions (session_id, task_id, user_id, start_time, end_time, duration, session_type) VALUES (117, 118, 40, '2026-04-18 15:06:54', '2026-04-18 15:31:54', 25, 'pomodoro');
INSERT INTO timer_sessions (session_id, task_id, user_id, start_time, end_time, duration, session_type) VALUES (118, 119, 41, '2026-04-18 15:06:15', '2026-04-18 15:31:15', 25, 'pomodoro');
INSERT INTO timer_sessions (session_id, task_id, user_id, start_time, end_time, duration, session_type) VALUES (119, 120, 41, '2026-04-18 15:06:30', '2026-04-18 15:31:30', 25, 'pomodoro');
INSERT INTO timer_sessions (session_id, task_id, user_id, start_time, end_time, duration, session_type) VALUES (120, 120, 41, '2026-04-18 15:05:09', '2026-04-18 15:30:09', 25, 'pomodoro');
INSERT INTO timer_sessions (session_id, task_id, user_id, start_time, end_time, duration, session_type) VALUES (121, 121, 41, '2026-04-18 15:05:07', '2026-04-18 15:30:07', 25, 'pomodoro');
INSERT INTO timer_sessions (session_id, task_id, user_id, start_time, end_time, duration, session_type) VALUES (122, 122, 41, '2026-04-18 15:07:13', '2026-04-18 15:32:13', 25, 'pomodoro');
INSERT INTO timer_sessions (session_id, task_id, user_id, start_time, end_time, duration, session_type) VALUES (123, 122, 41, '2026-04-18 15:05:24', '2026-04-18 15:30:24', 25, 'pomodoro');
INSERT INTO timer_sessions (session_id, task_id, user_id, start_time, end_time, duration, session_type) VALUES (124, 125, 41, '2026-04-18 15:07:13', '2026-04-18 15:22:13', 15, 'custom');
INSERT INTO timer_sessions (session_id, task_id, user_id, start_time, end_time, duration, session_type) VALUES (125, 128, 41, '2026-04-18 15:05:08', '2026-04-18 15:35:08', 30, 'custom');
INSERT INTO timer_sessions (session_id, task_id, user_id, start_time, end_time, duration, session_type) VALUES (126, 129, 41, '2026-04-18 15:05:04', '2026-04-18 15:30:04', 25, 'pomodoro');
INSERT INTO timer_sessions (session_id, task_id, user_id, start_time, end_time, duration, session_type) VALUES (127, 132, 42, '2026-04-18 15:06:43', '2026-04-18 15:36:43', 30, 'custom');
INSERT INTO timer_sessions (session_id, task_id, user_id, start_time, end_time, duration, session_type) VALUES (128, 134, 42, '2026-04-18 15:06:44', '2026-04-18 15:31:44', 25, 'pomodoro');
INSERT INTO timer_sessions (session_id, task_id, user_id, start_time, end_time, duration, session_type) VALUES (129, 136, 42, '2026-04-18 15:06:45', '2026-04-18 15:31:45', 25, 'pomodoro');
INSERT INTO timer_sessions (session_id, task_id, user_id, start_time, end_time, duration, session_type) VALUES (130, 136, 42, '2026-04-18 15:07:14', '2026-04-18 15:32:14', 25, 'pomodoro');
INSERT INTO timer_sessions (session_id, task_id, user_id, start_time, end_time, duration, session_type) VALUES (131, 137, 42, '2026-04-18 15:06:35', '2026-04-18 15:31:35', 25, 'pomodoro');
INSERT INTO timer_sessions (session_id, task_id, user_id, start_time, end_time, duration, session_type) VALUES (132, 138, 43, '2026-04-18 15:06:36', '2026-04-18 15:31:36', 25, 'pomodoro');
INSERT INTO timer_sessions (session_id, task_id, user_id, start_time, end_time, duration, session_type) VALUES (133, 138, 43, '2026-04-18 15:05:41', '2026-04-18 15:30:41', 25, 'pomodoro');
INSERT INTO timer_sessions (session_id, task_id, user_id, start_time, end_time, duration, session_type) VALUES (134, 140, 43, '2026-04-18 15:05:13', '2026-04-18 15:30:13', 25, 'pomodoro');
INSERT INTO timer_sessions (session_id, task_id, user_id, start_time, end_time, duration, session_type) VALUES (135, 141, 43, '2026-04-18 15:05:27', '2026-04-18 15:30:27', 25, 'pomodoro');
INSERT INTO timer_sessions (session_id, task_id, user_id, start_time, end_time, duration, session_type) VALUES (136, 141, 43, '2026-04-18 15:05:20', '2026-04-18 15:30:20', 25, 'pomodoro');
INSERT INTO timer_sessions (session_id, task_id, user_id, start_time, end_time, duration, session_type) VALUES (137, 142, 43, '2026-04-18 15:05:53', '2026-04-18 15:30:53', 25, 'pomodoro');
INSERT INTO timer_sessions (session_id, task_id, user_id, start_time, end_time, duration, session_type) VALUES (138, 144, 43, '2026-04-18 15:06:26', '2026-04-18 15:31:26', 25, 'pomodoro');
INSERT INTO timer_sessions (session_id, task_id, user_id, start_time, end_time, duration, session_type) VALUES (139, 145, 43, '2026-04-18 15:05:25', '2026-04-18 15:30:25', 25, 'pomodoro');
INSERT INTO timer_sessions (session_id, task_id, user_id, start_time, end_time, duration, session_type) VALUES (140, 145, 43, '2026-04-18 15:05:34', '2026-04-18 15:30:34', 25, 'pomodoro');
INSERT INTO timer_sessions (session_id, task_id, user_id, start_time, end_time, duration, session_type) VALUES (141, 146, 44, '2026-04-18 15:07:08', '2026-04-18 15:32:08', 25, 'pomodoro');

-- productivity_scores (80 rows)
-- ==================================================
INSERT INTO productivity_scores (score_id, user_id, score, week_start_date) VALUES (1, 25, 54.85, '2026-03-16');
INSERT INTO productivity_scores (score_id, user_id, score, week_start_date) VALUES (2, 25, 52.04, '2026-03-23');
INSERT INTO productivity_scores (score_id, user_id, score, week_start_date) VALUES (3, 25, 26.29, '2026-03-30');
INSERT INTO productivity_scores (score_id, user_id, score, week_start_date) VALUES (4, 25, 89.64, '2026-04-06');
INSERT INTO productivity_scores (score_id, user_id, score, week_start_date) VALUES (5, 26, 79.66, '2026-03-16');
INSERT INTO productivity_scores (score_id, user_id, score, week_start_date) VALUES (6, 26, 37.73, '2026-03-23');
INSERT INTO productivity_scores (score_id, user_id, score, week_start_date) VALUES (7, 26, 82.33, '2026-03-30');
INSERT INTO productivity_scores (score_id, user_id, score, week_start_date) VALUES (8, 26, 26.11, '2026-04-06');
INSERT INTO productivity_scores (score_id, user_id, score, week_start_date) VALUES (9, 27, 70.66, '2026-03-16');
INSERT INTO productivity_scores (score_id, user_id, score, week_start_date) VALUES (10, 27, 62.45, '2026-03-23');
INSERT INTO productivity_scores (score_id, user_id, score, week_start_date) VALUES (11, 27, 35.51, '2026-03-30');
INSERT INTO productivity_scores (score_id, user_id, score, week_start_date) VALUES (12, 27, 82.1, '2026-04-06');
INSERT INTO productivity_scores (score_id, user_id, score, week_start_date) VALUES (13, 28, 48.09, '2026-03-16');
INSERT INTO productivity_scores (score_id, user_id, score, week_start_date) VALUES (14, 28, 96.66, '2026-03-23');
INSERT INTO productivity_scores (score_id, user_id, score, week_start_date) VALUES (15, 28, 71.64, '2026-03-30');
INSERT INTO productivity_scores (score_id, user_id, score, week_start_date) VALUES (16, 28, 31.82, '2026-04-06');
INSERT INTO productivity_scores (score_id, user_id, score, week_start_date) VALUES (17, 29, 28.22, '2026-03-16');
INSERT INTO productivity_scores (score_id, user_id, score, week_start_date) VALUES (18, 29, 40.48, '2026-03-23');
INSERT INTO productivity_scores (score_id, user_id, score, week_start_date) VALUES (19, 29, 33.88, '2026-03-30');
INSERT INTO productivity_scores (score_id, user_id, score, week_start_date) VALUES (20, 29, 32.23, '2026-04-06');
INSERT INTO productivity_scores (score_id, user_id, score, week_start_date) VALUES (21, 30, 80.73, '2026-03-16');
INSERT INTO productivity_scores (score_id, user_id, score, week_start_date) VALUES (22, 30, 26.03, '2026-03-23');
INSERT INTO productivity_scores (score_id, user_id, score, week_start_date) VALUES (23, 30, 96.1, '2026-03-30');
INSERT INTO productivity_scores (score_id, user_id, score, week_start_date) VALUES (24, 30, 70.24, '2026-04-06');
INSERT INTO productivity_scores (score_id, user_id, score, week_start_date) VALUES (25, 31, 57.12, '2026-03-16');
INSERT INTO productivity_scores (score_id, user_id, score, week_start_date) VALUES (26, 31, 65.1, '2026-03-23');
INSERT INTO productivity_scores (score_id, user_id, score, week_start_date) VALUES (27, 31, 66.36, '2026-03-30');
INSERT INTO productivity_scores (score_id, user_id, score, week_start_date) VALUES (28, 31, 74.49, '2026-04-06');
INSERT INTO productivity_scores (score_id, user_id, score, week_start_date) VALUES (29, 32, 90.56, '2026-03-16');
INSERT INTO productivity_scores (score_id, user_id, score, week_start_date) VALUES (30, 32, 71.44, '2026-03-23');
INSERT INTO productivity_scores (score_id, user_id, score, week_start_date) VALUES (31, 32, 98.92, '2026-03-30');
INSERT INTO productivity_scores (score_id, user_id, score, week_start_date) VALUES (32, 32, 45.86, '2026-04-06');
INSERT INTO productivity_scores (score_id, user_id, score, week_start_date) VALUES (33, 33, 97.68, '2026-03-16');
INSERT INTO productivity_scores (score_id, user_id, score, week_start_date) VALUES (34, 33, 45.29, '2026-03-23');
INSERT INTO productivity_scores (score_id, user_id, score, week_start_date) VALUES (35, 33, 55.18, '2026-03-30');
INSERT INTO productivity_scores (score_id, user_id, score, week_start_date) VALUES (36, 33, 57.51, '2026-04-06');
INSERT INTO productivity_scores (score_id, user_id, score, week_start_date) VALUES (37, 34, 70.51, '2026-03-16');
INSERT INTO productivity_scores (score_id, user_id, score, week_start_date) VALUES (38, 34, 83.71, '2026-03-23');
INSERT INTO productivity_scores (score_id, user_id, score, week_start_date) VALUES (39, 34, 67.31, '2026-03-30');
INSERT INTO productivity_scores (score_id, user_id, score, week_start_date) VALUES (40, 34, 48.16, '2026-04-06');
INSERT INTO productivity_scores (score_id, user_id, score, week_start_date) VALUES (41, 35, 25.94, '2026-03-16');
INSERT INTO productivity_scores (score_id, user_id, score, week_start_date) VALUES (42, 35, 56.94, '2026-03-23');
INSERT INTO productivity_scores (score_id, user_id, score, week_start_date) VALUES (43, 35, 23.01, '2026-03-30');
INSERT INTO productivity_scores (score_id, user_id, score, week_start_date) VALUES (44, 35, 49.5, '2026-04-06');
INSERT INTO productivity_scores (score_id, user_id, score, week_start_date) VALUES (45, 36, 42.97, '2026-03-16');
INSERT INTO productivity_scores (score_id, user_id, score, week_start_date) VALUES (46, 36, 71.57, '2026-03-23');
INSERT INTO productivity_scores (score_id, user_id, score, week_start_date) VALUES (47, 36, 98.19, '2026-03-30');
INSERT INTO productivity_scores (score_id, user_id, score, week_start_date) VALUES (48, 36, 27.22, '2026-04-06');
INSERT INTO productivity_scores (score_id, user_id, score, week_start_date) VALUES (49, 37, 67.53, '2026-03-16');
INSERT INTO productivity_scores (score_id, user_id, score, week_start_date) VALUES (50, 37, 50.76, '2026-03-23');
INSERT INTO productivity_scores (score_id, user_id, score, week_start_date) VALUES (51, 37, 66.43, '2026-03-30');
INSERT INTO productivity_scores (score_id, user_id, score, week_start_date) VALUES (52, 37, 96.34, '2026-04-06');
INSERT INTO productivity_scores (score_id, user_id, score, week_start_date) VALUES (53, 38, 79.11, '2026-03-16');
INSERT INTO productivity_scores (score_id, user_id, score, week_start_date) VALUES (54, 38, 23.28, '2026-03-23');
INSERT INTO productivity_scores (score_id, user_id, score, week_start_date) VALUES (55, 38, 92.72, '2026-03-30');
INSERT INTO productivity_scores (score_id, user_id, score, week_start_date) VALUES (56, 38, 65.73, '2026-04-06');
INSERT INTO productivity_scores (score_id, user_id, score, week_start_date) VALUES (57, 39, 35.06, '2026-03-16');
INSERT INTO productivity_scores (score_id, user_id, score, week_start_date) VALUES (58, 39, 68.4, '2026-03-23');
INSERT INTO productivity_scores (score_id, user_id, score, week_start_date) VALUES (59, 39, 60.11, '2026-03-30');
INSERT INTO productivity_scores (score_id, user_id, score, week_start_date) VALUES (60, 39, 96.62, '2026-04-06');
INSERT INTO productivity_scores (score_id, user_id, score, week_start_date) VALUES (61, 40, 56.04, '2026-03-16');
INSERT INTO productivity_scores (score_id, user_id, score, week_start_date) VALUES (62, 40, 84.88, '2026-03-23');
INSERT INTO productivity_scores (score_id, user_id, score, week_start_date) VALUES (63, 40, 86.99, '2026-03-30');
INSERT INTO productivity_scores (score_id, user_id, score, week_start_date) VALUES (64, 40, 98.59, '2026-04-06');
INSERT INTO productivity_scores (score_id, user_id, score, week_start_date) VALUES (65, 41, 26.75, '2026-03-16');
INSERT INTO productivity_scores (score_id, user_id, score, week_start_date) VALUES (66, 41, 71.69, '2026-03-23');
INSERT INTO productivity_scores (score_id, user_id, score, week_start_date) VALUES (67, 41, 23.13, '2026-03-30');
INSERT INTO productivity_scores (score_id, user_id, score, week_start_date) VALUES (68, 41, 76.61, '2026-04-06');
INSERT INTO productivity_scores (score_id, user_id, score, week_start_date) VALUES (69, 42, 99.28, '2026-03-16');
INSERT INTO productivity_scores (score_id, user_id, score, week_start_date) VALUES (70, 42, 61.93, '2026-03-23');
INSERT INTO productivity_scores (score_id, user_id, score, week_start_date) VALUES (71, 42, 68.78, '2026-03-30');
INSERT INTO productivity_scores (score_id, user_id, score, week_start_date) VALUES (72, 42, 49.11, '2026-04-06');
INSERT INTO productivity_scores (score_id, user_id, score, week_start_date) VALUES (73, 43, 93.43, '2026-03-16');
INSERT INTO productivity_scores (score_id, user_id, score, week_start_date) VALUES (74, 43, 50.99, '2026-03-23');
INSERT INTO productivity_scores (score_id, user_id, score, week_start_date) VALUES (75, 43, 81.96, '2026-03-30');
INSERT INTO productivity_scores (score_id, user_id, score, week_start_date) VALUES (76, 43, 74.31, '2026-04-06');
INSERT INTO productivity_scores (score_id, user_id, score, week_start_date) VALUES (77, 44, 24.19, '2026-03-16');
INSERT INTO productivity_scores (score_id, user_id, score, week_start_date) VALUES (78, 44, 70.47, '2026-03-23');
INSERT INTO productivity_scores (score_id, user_id, score, week_start_date) VALUES (79, 44, 46.77, '2026-03-30');
INSERT INTO productivity_scores (score_id, user_id, score, week_start_date) VALUES (80, 44, 46.38, '2026-04-06');

-- notifications (29 rows)
-- ==================================================
INSERT INTO notifications (notification_id, user_id, assignment_id, message, sent_at) VALUES (1, 25, 12, 'Assignment #12 deadline approaching.', '2026-04-18 15:06:25');
INSERT INTO notifications (notification_id, user_id, assignment_id, message, sent_at) VALUES (2, 25, 5, 'Don''t forget to submit assignment #5.', '2026-04-18 15:07:06');
INSERT INTO notifications (notification_id, user_id, assignment_id, message, sent_at) VALUES (3, 26, 26, 'Don''t forget to submit assignment #26.', '2026-04-18 15:06:56');
INSERT INTO notifications (notification_id, user_id, assignment_id, message, sent_at) VALUES (4, 26, 26, 'Assignment #26 deadline approaching.', '2026-04-18 15:07:01');
INSERT INTO notifications (notification_id, user_id, assignment_id, message, sent_at) VALUES (5, 27, 17, 'Assignment #17 just assigned!Reminder: Assignment #17 is due soon!', '2026-04-18 15:06:08');
INSERT INTO notifications (notification_id, user_id, assignment_id, message, sent_at) VALUES (6, 27, 18, 'You have an upcoming deadline for assignment #18.', '2026-04-18 15:05:54');
INSERT INTO notifications (notification_id, user_id, assignment_id, message, sent_at) VALUES (7, 28, 42, 'Assignment #42 just assigned!Reminder: Assignment #42 is due soon!', '2026-04-18 15:06:07');
INSERT INTO notifications (notification_id, user_id, assignment_id, message, sent_at) VALUES (8, 28, 42, 'Assignment #42 deadline approaching.', '2026-04-18 15:05:35');
INSERT INTO notifications (notification_id, user_id, assignment_id, message, sent_at) VALUES (9, 29, 31, 'Assignment #31 deadline approaching.', '2026-04-18 15:07:13');
INSERT INTO notifications (notification_id, user_id, assignment_id, message, sent_at) VALUES (10, 30, 18, 'Assignment #18 deadline approaching.', '2026-04-18 15:06:58');
INSERT INTO notifications (notification_id, user_id, assignment_id, message, sent_at) VALUES (11, 31, 70, 'Don''t forget to submit assignment #70.', '2026-04-18 15:05:31');
INSERT INTO notifications (notification_id, user_id, assignment_id, message, sent_at) VALUES (12, 31, 70, 'Don''t forget to submit assignment #70.', '2026-04-18 15:06:36');
INSERT INTO notifications (notification_id, user_id, assignment_id, message, sent_at) VALUES (13, 32, 85, 'Assignment #85 just assigned!Reminder: Assignment #85 is due soon!', '2026-04-18 15:06:40');
INSERT INTO notifications (notification_id, user_id, assignment_id, message, sent_at) VALUES (14, 33, 54, 'Don''t forget to submit assignment #54.', '2026-04-18 15:06:56');
INSERT INTO notifications (notification_id, user_id, assignment_id, message, sent_at) VALUES (15, 34, 82, 'Don''t forget to submit assignment #82.', '2026-04-18 15:06:05');
INSERT INTO notifications (notification_id, user_id, assignment_id, message, sent_at) VALUES (16, 34, 82, 'Don''t forget to submit assignment #82.', '2026-04-18 15:05:53');
INSERT INTO notifications (notification_id, user_id, assignment_id, message, sent_at) VALUES (17, 36, 39, 'You have an upcoming deadline for assignment #39.', '2026-04-18 15:05:57');
INSERT INTO notifications (notification_id, user_id, assignment_id, message, sent_at) VALUES (18, 36, 41, 'Don''t forget to submit assignment #41.', '2026-04-18 15:06:38');
INSERT INTO notifications (notification_id, user_id, assignment_id, message, sent_at) VALUES (19, 37, 10, 'Assignment #10 deadline approaching.', '2026-04-18 15:05:59');
INSERT INTO notifications (notification_id, user_id, assignment_id, message, sent_at) VALUES (20, 37, 11, 'You have an upcoming deadline for assignment #11.', '2026-04-18 15:06:36');
INSERT INTO notifications (notification_id, user_id, assignment_id, message, sent_at) VALUES (21, 39, 36, 'Don''t forget to submit assignment #36.', '2026-04-18 15:07:23');
INSERT INTO notifications (notification_id, user_id, assignment_id, message, sent_at) VALUES (22, 40, 85, 'Don''t forget to submit assignment #85.', '2026-04-18 15:06:10');
INSERT INTO notifications (notification_id, user_id, assignment_id, message, sent_at) VALUES (23, 40, 85, 'You have an upcoming deadline for assignment #85.', '2026-04-18 15:07:01');
INSERT INTO notifications (notification_id, user_id, assignment_id, message, sent_at) VALUES (24, 41, 81, 'You have an upcoming deadline for assignment #81.', '2026-04-18 15:06:28');
INSERT INTO notifications (notification_id, user_id, assignment_id, message, sent_at) VALUES (25, 41, 74, 'You have an upcoming deadline for assignment #74.', '2026-04-18 15:06:56');
INSERT INTO notifications (notification_id, user_id, assignment_id, message, sent_at) VALUES (26, 42, 63, 'Don''t forget to submit assignment #63.', '2026-04-18 15:06:58');
INSERT INTO notifications (notification_id, user_id, assignment_id, message, sent_at) VALUES (27, 43, 88, 'You have an upcoming deadline for assignment #88.', '2026-04-18 15:06:25');
INSERT INTO notifications (notification_id, user_id, assignment_id, message, sent_at) VALUES (28, 43, 86, 'Assignment #86 just assigned!Reminder: Assignment #86 is due soon!', '2026-04-18 15:06:57');
INSERT INTO notifications (notification_id, user_id, assignment_id, message, sent_at) VALUES (29, 44, 30, 'Assignment #30 just assigned!Reminder: Assignment #30 is due soon!', '2026-04-18 15:06:12');

-- activity_logs (228 rows)
-- ==================================================
INSERT INTO activity_logs (log_id, user_id, task_id, category, duration, logged_at, archived) VALUES (1, 25, 1, 'school', 30, '2026-04-18 15:04:55', 0);
INSERT INTO activity_logs (log_id, user_id, task_id, category, duration, logged_at, archived) VALUES (2, 25, 2, 'school', 120, '2026-04-18 15:06:08', 0);
INSERT INTO activity_logs (log_id, user_id, task_id, category, duration, logged_at, archived) VALUES (3, 25, 3, 'school', 120, '2026-04-18 15:05:03', 0);
INSERT INTO activity_logs (log_id, user_id, task_id, category, duration, logged_at, archived) VALUES (4, 25, 4, 'school', 15, '2026-04-18 15:07:10', 0);
INSERT INTO activity_logs (log_id, user_id, task_id, category, duration, logged_at, archived) VALUES (5, 25, 4, 'school', 45, '2026-04-18 15:07:28', 0);
INSERT INTO activity_logs (log_id, user_id, task_id, category, duration, logged_at, archived) VALUES (6, 25, 5, 'school', 45, '2026-04-18 15:07:22', 0);
INSERT INTO activity_logs (log_id, user_id, task_id, category, duration, logged_at, archived) VALUES (7, 25, 6, 'school', 25, '2026-04-18 15:06:04', 1);
INSERT INTO activity_logs (log_id, user_id, task_id, category, duration, logged_at, archived) VALUES (8, 25, 6, 'school', 15, '2026-04-18 15:07:01', 0);
INSERT INTO activity_logs (log_id, user_id, task_id, category, duration, logged_at, archived) VALUES (9, 25, 7, 'personal', 120, '2026-04-18 15:04:43', 1);
INSERT INTO activity_logs (log_id, user_id, task_id, category, duration, logged_at, archived) VALUES (10, 25, 7, 'personal', 15, '2026-04-18 15:06:57', 0);
INSERT INTO activity_logs (log_id, user_id, task_id, category, duration, logged_at, archived) VALUES (11, 25, 8, 'extracurricular', 90, '2026-04-18 15:04:38', 0);
INSERT INTO activity_logs (log_id, user_id, task_id, category, duration, logged_at, archived) VALUES (12, 25, 8, 'extracurricular', 120, '2026-04-18 15:04:31', 0);
INSERT INTO activity_logs (log_id, user_id, task_id, category, duration, logged_at, archived) VALUES (13, 25, 8, 'extracurricular', 45, '2026-04-18 15:04:54', 0);
INSERT INTO activity_logs (log_id, user_id, task_id, category, duration, logged_at, archived) VALUES (14, 25, 11, 'extracurricular', 25, '2026-04-18 15:06:23', 0);
INSERT INTO activity_logs (log_id, user_id, task_id, category, duration, logged_at, archived) VALUES (15, 25, 11, 'extracurricular', 60, '2026-04-18 15:04:42', 0);
INSERT INTO activity_logs (log_id, user_id, task_id, category, duration, logged_at, archived) VALUES (16, 26, 12, 'school', 15, '2026-04-18 15:04:57', 0);
INSERT INTO activity_logs (log_id, user_id, task_id, category, duration, logged_at, archived) VALUES (17, 26, 12, 'school', 25, '2026-04-18 15:05:09', 0);
INSERT INTO activity_logs (log_id, user_id, task_id, category, duration, logged_at, archived) VALUES (18, 26, 12, 'school', 15, '2026-04-18 15:05:52', 0);
INSERT INTO activity_logs (log_id, user_id, task_id, category, duration, logged_at, archived) VALUES (19, 26, 13, 'work', 15, '2026-04-18 15:04:40', 1);
INSERT INTO activity_logs (log_id, user_id, task_id, category, duration, logged_at, archived) VALUES (20, 26, 13, 'work', 45, '2026-04-18 15:06:24', 0);
INSERT INTO activity_logs (log_id, user_id, task_id, category, duration, logged_at, archived) VALUES (21, 26, 13, 'work', 15, '2026-04-18 15:07:18', 0);
INSERT INTO activity_logs (log_id, user_id, task_id, category, duration, logged_at, archived) VALUES (22, 26, 14, 'personal', 90, '2026-04-18 15:07:14', 1);
INSERT INTO activity_logs (log_id, user_id, task_id, category, duration, logged_at, archived) VALUES (23, 27, 15, 'school', 15, '2026-04-18 15:06:28', 0);
INSERT INTO activity_logs (log_id, user_id, task_id, category, duration, logged_at, archived) VALUES (24, 27, 15, 'school', 25, '2026-04-18 15:04:32', 0);
INSERT INTO activity_logs (log_id, user_id, task_id, category, duration, logged_at, archived) VALUES (25, 27, 15, 'school', 25, '2026-04-18 15:06:05', 0);
INSERT INTO activity_logs (log_id, user_id, task_id, category, duration, logged_at, archived) VALUES (26, 27, 17, 'school', 15, '2026-04-18 15:05:44', 0);
INSERT INTO activity_logs (log_id, user_id, task_id, category, duration, logged_at, archived) VALUES (27, 27, 17, 'school', 60, '2026-04-18 15:04:33', 0);
INSERT INTO activity_logs (log_id, user_id, task_id, category, duration, logged_at, archived) VALUES (28, 27, 19, 'extracurricular', 120, '2026-04-18 15:06:39', 0);
INSERT INTO activity_logs (log_id, user_id, task_id, category, duration, logged_at, archived) VALUES (29, 27, 19, 'extracurricular', 90, '2026-04-18 15:06:06', 0);
INSERT INTO activity_logs (log_id, user_id, task_id, category, duration, logged_at, archived) VALUES (30, 27, 19, 'extracurricular', 30, '2026-04-18 15:05:21', 0);
INSERT INTO activity_logs (log_id, user_id, task_id, category, duration, logged_at, archived) VALUES (31, 27, 21, 'work', 120, '2026-04-18 15:06:00', 1);
INSERT INTO activity_logs (log_id, user_id, task_id, category, duration, logged_at, archived) VALUES (32, 27, 21, 'work', 25, '2026-04-18 15:06:35', 0);
INSERT INTO activity_logs (log_id, user_id, task_id, category, duration, logged_at, archived) VALUES (33, 28, 23, 'school', 25, '2026-04-18 15:05:47', 1);
INSERT INTO activity_logs (log_id, user_id, task_id, category, duration, logged_at, archived) VALUES (34, 28, 23, 'school', 60, '2026-04-18 15:07:19', 0);
INSERT INTO activity_logs (log_id, user_id, task_id, category, duration, logged_at, archived) VALUES (35, 28, 24, 'work', 120, '2026-04-18 15:05:02', 0);
INSERT INTO activity_logs (log_id, user_id, task_id, category, duration, logged_at, archived) VALUES (36, 28, 25, 'extracurricular', 90, '2026-04-18 15:07:15', 0);
INSERT INTO activity_logs (log_id, user_id, task_id, category, duration, logged_at, archived) VALUES (37, 28, 25, 'extracurricular', 25, '2026-04-18 15:06:04', 0);
INSERT INTO activity_logs (log_id, user_id, task_id, category, duration, logged_at, archived) VALUES (38, 28, 25, 'extracurricular', 15, '2026-04-18 15:05:13', 0);
INSERT INTO activity_logs (log_id, user_id, task_id, category, duration, logged_at, archived) VALUES (39, 29, 26, 'school', 15, '2026-04-18 15:06:21', 0);
INSERT INTO activity_logs (log_id, user_id, task_id, category, duration, logged_at, archived) VALUES (40, 29, 26, 'school', 15, '2026-04-18 15:05:15', 0);
INSERT INTO activity_logs (log_id, user_id, task_id, category, duration, logged_at, archived) VALUES (41, 29, 26, 'school', 15, '2026-04-18 15:05:33', 0);
INSERT INTO activity_logs (log_id, user_id, task_id, category, duration, logged_at, archived) VALUES (42, 29, 27, 'extracurricular', 60, '2026-04-18 15:06:53', 0);
INSERT INTO activity_logs (log_id, user_id, task_id, category, duration, logged_at, archived) VALUES (43, 29, 27, 'extracurricular', 120, '2026-04-18 15:04:44', 0);
INSERT INTO activity_logs (log_id, user_id, task_id, category, duration, logged_at, archived) VALUES (44, 29, 28, 'work', 15, '2026-04-18 15:07:22', 0);
INSERT INTO activity_logs (log_id, user_id, task_id, category, duration, logged_at, archived) VALUES (45, 29, 28, 'work', 25, '2026-04-18 15:05:52', 0);
INSERT INTO activity_logs (log_id, user_id, task_id, category, duration, logged_at, archived) VALUES (46, 29, 30, 'work', 30, '2026-04-18 15:05:13', 1);
INSERT INTO activity_logs (log_id, user_id, task_id, category, duration, logged_at, archived) VALUES (47, 29, 30, 'work', 30, '2026-04-18 15:06:35', 0);
INSERT INTO activity_logs (log_id, user_id, task_id, category, duration, logged_at, archived) VALUES (48, 29, 31, 'personal', 90, '2026-04-18 15:05:23', 0);
INSERT INTO activity_logs (log_id, user_id, task_id, category, duration, logged_at, archived) VALUES (49, 29, 31, 'personal', 45, '2026-04-18 15:06:59', 0);
INSERT INTO activity_logs (log_id, user_id, task_id, category, duration, logged_at, archived) VALUES (50, 29, 31, 'personal', 25, '2026-04-18 15:04:44', 0);
INSERT INTO activity_logs (log_id, user_id, task_id, category, duration, logged_at, archived) VALUES (51, 30, 32, 'school', 30, '2026-04-18 15:07:28', 0);
INSERT INTO activity_logs (log_id, user_id, task_id, category, duration, logged_at, archived) VALUES (52, 30, 32, 'school', 60, '2026-04-18 15:06:26', 0);
INSERT INTO activity_logs (log_id, user_id, task_id, category, duration, logged_at, archived) VALUES (53, 30, 32, 'school', 15, '2026-04-18 15:04:35', 0);
INSERT INTO activity_logs (log_id, user_id, task_id, category, duration, logged_at, archived) VALUES (54, 30, 34, 'school', 60, '2026-04-18 15:05:42', 0);
INSERT INTO activity_logs (log_id, user_id, task_id, category, duration, logged_at, archived) VALUES (55, 30, 34, 'school', 25, '2026-04-18 15:05:37', 0);
INSERT INTO activity_logs (log_id, user_id, task_id, category, duration, logged_at, archived) VALUES (56, 30, 34, 'school', 30, '2026-04-18 15:05:55', 1);
INSERT INTO activity_logs (log_id, user_id, task_id, category, duration, logged_at, archived) VALUES (57, 30, 35, 'school', 90, '2026-04-18 15:06:24', 0);
INSERT INTO activity_logs (log_id, user_id, task_id, category, duration, logged_at, archived) VALUES (58, 30, 35, 'school', 45, '2026-04-18 15:06:36', 0);
INSERT INTO activity_logs (log_id, user_id, task_id, category, duration, logged_at, archived) VALUES (59, 30, 36, 'school', 25, '2026-04-18 15:04:44', 0);
INSERT INTO activity_logs (log_id, user_id, task_id, category, duration, logged_at, archived) VALUES (60, 30, 36, 'school', 30, '2026-04-18 15:07:02', 0);
INSERT INTO activity_logs (log_id, user_id, task_id, category, duration, logged_at, archived) VALUES (61, 30, 36, 'school', 90, '2026-04-18 15:06:26', 0);
INSERT INTO activity_logs (log_id, user_id, task_id, category, duration, logged_at, archived) VALUES (62, 30, 37, 'school', 60, '2026-04-18 15:05:29', 0);
INSERT INTO activity_logs (log_id, user_id, task_id, category, duration, logged_at, archived) VALUES (63, 30, 37, 'school', 30, '2026-04-18 15:07:25', 0);
INSERT INTO activity_logs (log_id, user_id, task_id, category, duration, logged_at, archived) VALUES (64, 30, 40, 'school', 30, '2026-04-18 15:07:25', 0);
INSERT INTO activity_logs (log_id, user_id, task_id, category, duration, logged_at, archived) VALUES (65, 30, 40, 'school', 90, '2026-04-18 15:07:11', 0);
INSERT INTO activity_logs (log_id, user_id, task_id, category, duration, logged_at, archived) VALUES (66, 30, 40, 'school', 15, '2026-04-18 15:07:15', 1);
INSERT INTO activity_logs (log_id, user_id, task_id, category, duration, logged_at, archived) VALUES (67, 30, 41, 'personal', 15, '2026-04-18 15:05:11', 1);
INSERT INTO activity_logs (log_id, user_id, task_id, category, duration, logged_at, archived) VALUES (68, 30, 41, 'personal', 25, '2026-04-18 15:07:12', 0);
INSERT INTO activity_logs (log_id, user_id, task_id, category, duration, logged_at, archived) VALUES (69, 30, 41, 'personal', 30, '2026-04-18 15:06:34', 0);
INSERT INTO activity_logs (log_id, user_id, task_id, category, duration, logged_at, archived) VALUES (70, 30, 43, 'extracurricular', 90, '2026-04-18 15:06:12', 0);
INSERT INTO activity_logs (log_id, user_id, task_id, category, duration, logged_at, archived) VALUES (71, 30, 44, 'personal', 30, '2026-04-18 15:05:18', 0);
INSERT INTO activity_logs (log_id, user_id, task_id, category, duration, logged_at, archived) VALUES (72, 30, 44, 'personal', 15, '2026-04-18 15:07:16', 0);
INSERT INTO activity_logs (log_id, user_id, task_id, category, duration, logged_at, archived) VALUES (73, 30, 45, 'personal', 45, '2026-04-18 15:06:33', 0);
INSERT INTO activity_logs (log_id, user_id, task_id, category, duration, logged_at, archived) VALUES (74, 30, 45, 'personal', 30, '2026-04-18 15:05:20', 0);
INSERT INTO activity_logs (log_id, user_id, task_id, category, duration, logged_at, archived) VALUES (75, 31, 48, 'school', 45, '2026-04-18 15:06:07', 0);
INSERT INTO activity_logs (log_id, user_id, task_id, category, duration, logged_at, archived) VALUES (76, 31, 50, 'work', 120, '2026-04-18 15:06:28', 0);
INSERT INTO activity_logs (log_id, user_id, task_id, category, duration, logged_at, archived) VALUES (77, 31, 50, 'work', 45, '2026-04-18 15:05:02', 0);
INSERT INTO activity_logs (log_id, user_id, task_id, category, duration, logged_at, archived) VALUES (78, 31, 51, 'personal', 90, '2026-04-18 15:07:03', 0);
INSERT INTO activity_logs (log_id, user_id, task_id, category, duration, logged_at, archived) VALUES (79, 31, 51, 'personal', 45, '2026-04-18 15:04:32', 0);
INSERT INTO activity_logs (log_id, user_id, task_id, category, duration, logged_at, archived) VALUES (80, 31, 52, 'work', 120, '2026-04-18 15:05:07', 1);
INSERT INTO activity_logs (log_id, user_id, task_id, category, duration, logged_at, archived) VALUES (81, 31, 53, 'work', 90, '2026-04-18 15:04:55', 0);
INSERT INTO activity_logs (log_id, user_id, task_id, category, duration, logged_at, archived) VALUES (82, 32, 55, 'school', 90, '2026-04-18 15:06:57', 0);
INSERT INTO activity_logs (log_id, user_id, task_id, category, duration, logged_at, archived) VALUES (83, 32, 55, 'school', 15, '2026-04-18 15:06:57', 0);
INSERT INTO activity_logs (log_id, user_id, task_id, category, duration, logged_at, archived) VALUES (84, 32, 56, 'extracurricular', 30, '2026-04-18 15:07:17', 0);
INSERT INTO activity_logs (log_id, user_id, task_id, category, duration, logged_at, archived) VALUES (85, 32, 56, 'extracurricular', 90, '2026-04-18 15:05:23', 0);
INSERT INTO activity_logs (log_id, user_id, task_id, category, duration, logged_at, archived) VALUES (86, 32, 57, 'personal', 120, '2026-04-18 15:06:11', 0);
INSERT INTO activity_logs (log_id, user_id, task_id, category, duration, logged_at, archived) VALUES (87, 32, 58, 'extracurricular', 15, '2026-04-18 15:06:12', 0);
INSERT INTO activity_logs (log_id, user_id, task_id, category, duration, logged_at, archived) VALUES (88, 32, 59, 'work', 25, '2026-04-18 15:07:02', 0);
INSERT INTO activity_logs (log_id, user_id, task_id, category, duration, logged_at, archived) VALUES (89, 33, 61, 'school', 60, '2026-04-18 15:06:31', 0);
INSERT INTO activity_logs (log_id, user_id, task_id, category, duration, logged_at, archived) VALUES (90, 33, 61, 'school', 45, '2026-04-18 15:06:07', 0);
INSERT INTO activity_logs (log_id, user_id, task_id, category, duration, logged_at, archived) VALUES (91, 33, 62, 'work', 60, '2026-04-18 15:05:39', 0);
INSERT INTO activity_logs (log_id, user_id, task_id, category, duration, logged_at, archived) VALUES (92, 33, 64, 'work', 45, '2026-04-18 15:06:43', 0);
INSERT INTO activity_logs (log_id, user_id, task_id, category, duration, logged_at, archived) VALUES (93, 33, 64, 'work', 90, '2026-04-18 15:06:52', 0);
INSERT INTO activity_logs (log_id, user_id, task_id, category, duration, logged_at, archived) VALUES (94, 33, 65, 'work', 120, '2026-04-18 15:06:34', 0);
INSERT INTO activity_logs (log_id, user_id, task_id, category, duration, logged_at, archived) VALUES (95, 33, 65, 'work', 60, '2026-04-18 15:04:44', 1);
INSERT INTO activity_logs (log_id, user_id, task_id, category, duration, logged_at, archived) VALUES (96, 33, 65, 'work', 30, '2026-04-18 15:06:44', 0);
INSERT INTO activity_logs (log_id, user_id, task_id, category, duration, logged_at, archived) VALUES (97, 34, 66, 'school', 45, '2026-04-18 15:05:32', 0);
INSERT INTO activity_logs (log_id, user_id, task_id, category, duration, logged_at, archived) VALUES (98, 34, 66, 'school', 30, '2026-04-18 15:04:47', 1);
INSERT INTO activity_logs (log_id, user_id, task_id, category, duration, logged_at, archived) VALUES (99, 34, 66, 'school', 120, '2026-04-18 15:05:11', 0);
INSERT INTO activity_logs (log_id, user_id, task_id, category, duration, logged_at, archived) VALUES (100, 34, 67, 'school', 120, '2026-04-18 15:04:43', 0);
INSERT INTO activity_logs (log_id, user_id, task_id, category, duration, logged_at, archived) VALUES (101, 34, 68, 'work', 60, '2026-04-18 15:06:18', 0);
INSERT INTO activity_logs (log_id, user_id, task_id, category, duration, logged_at, archived) VALUES (102, 34, 68, 'work', 15, '2026-04-18 15:06:20', 0);
INSERT INTO activity_logs (log_id, user_id, task_id, category, duration, logged_at, archived) VALUES (103, 34, 68, 'work', 60, '2026-04-18 15:06:17', 1);
INSERT INTO activity_logs (log_id, user_id, task_id, category, duration, logged_at, archived) VALUES (104, 34, 69, 'personal', 25, '2026-04-18 15:07:24', 0);
INSERT INTO activity_logs (log_id, user_id, task_id, category, duration, logged_at, archived) VALUES (105, 34, 70, 'personal', 30, '2026-04-18 15:05:28', 0);
INSERT INTO activity_logs (log_id, user_id, task_id, category, duration, logged_at, archived) VALUES (106, 34, 71, 'extracurricular', 120, '2026-04-18 15:06:24', 1);
INSERT INTO activity_logs (log_id, user_id, task_id, category, duration, logged_at, archived) VALUES (107, 34, 71, 'extracurricular', 25, '2026-04-18 15:06:51', 0);
INSERT INTO activity_logs (log_id, user_id, task_id, category, duration, logged_at, archived) VALUES (108, 34, 72, 'personal', 25, '2026-04-18 15:05:51', 0);
INSERT INTO activity_logs (log_id, user_id, task_id, category, duration, logged_at, archived) VALUES (109, 34, 72, 'personal', 60, '2026-04-18 15:05:11', 0);
INSERT INTO activity_logs (log_id, user_id, task_id, category, duration, logged_at, archived) VALUES (110, 35, 73, 'extracurricular', 60, '2026-04-18 15:06:09', 0);
INSERT INTO activity_logs (log_id, user_id, task_id, category, duration, logged_at, archived) VALUES (111, 35, 74, 'personal', 25, '2026-04-18 15:05:37', 0);
INSERT INTO activity_logs (log_id, user_id, task_id, category, duration, logged_at, archived) VALUES (112, 35, 75, 'work', 120, '2026-04-18 15:05:03', 0);
INSERT INTO activity_logs (log_id, user_id, task_id, category, duration, logged_at, archived) VALUES (113, 35, 75, 'work', 15, '2026-04-18 15:06:15', 0);
INSERT INTO activity_logs (log_id, user_id, task_id, category, duration, logged_at, archived) VALUES (114, 36, 79, 'school', 90, '2026-04-18 15:05:38', 0);
INSERT INTO activity_logs (log_id, user_id, task_id, category, duration, logged_at, archived) VALUES (115, 36, 79, 'school', 60, '2026-04-18 15:06:48', 0);
INSERT INTO activity_logs (log_id, user_id, task_id, category, duration, logged_at, archived) VALUES (116, 36, 81, 'school', 90, '2026-04-18 15:05:23', 0);
INSERT INTO activity_logs (log_id, user_id, task_id, category, duration, logged_at, archived) VALUES (117, 36, 81, 'school', 90, '2026-04-18 15:05:14', 0);
INSERT INTO activity_logs (log_id, user_id, task_id, category, duration, logged_at, archived) VALUES (118, 36, 81, 'school', 45, '2026-04-18 15:04:43', 0);
INSERT INTO activity_logs (log_id, user_id, task_id, category, duration, logged_at, archived) VALUES (119, 36, 82, 'school', 30, '2026-04-18 15:05:18', 0);
INSERT INTO activity_logs (log_id, user_id, task_id, category, duration, logged_at, archived) VALUES (120, 36, 82, 'school', 90, '2026-04-18 15:05:38', 1);
INSERT INTO activity_logs (log_id, user_id, task_id, category, duration, logged_at, archived) VALUES (121, 36, 82, 'school', 45, '2026-04-18 15:06:51', 0);
INSERT INTO activity_logs (log_id, user_id, task_id, category, duration, logged_at, archived) VALUES (122, 36, 83, 'school', 25, '2026-04-18 15:04:57', 0);
INSERT INTO activity_logs (log_id, user_id, task_id, category, duration, logged_at, archived) VALUES (123, 36, 83, 'school', 25, '2026-04-18 15:05:40', 0);
INSERT INTO activity_logs (log_id, user_id, task_id, category, duration, logged_at, archived) VALUES (124, 36, 83, 'school', 90, '2026-04-18 15:05:34', 0);
INSERT INTO activity_logs (log_id, user_id, task_id, category, duration, logged_at, archived) VALUES (125, 36, 84, 'school', 45, '2026-04-18 15:04:46', 1);
INSERT INTO activity_logs (log_id, user_id, task_id, category, duration, logged_at, archived) VALUES (126, 36, 84, 'school', 30, '2026-04-18 15:07:19', 0);
INSERT INTO activity_logs (log_id, user_id, task_id, category, duration, logged_at, archived) VALUES (127, 36, 86, 'extracurricular', 25, '2026-04-18 15:05:50', 0);
INSERT INTO activity_logs (log_id, user_id, task_id, category, duration, logged_at, archived) VALUES (128, 36, 86, 'extracurricular', 30, '2026-04-18 15:06:47', 0);
INSERT INTO activity_logs (log_id, user_id, task_id, category, duration, logged_at, archived) VALUES (129, 36, 87, 'personal', 15, '2026-04-18 15:04:48', 1);
INSERT INTO activity_logs (log_id, user_id, task_id, category, duration, logged_at, archived) VALUES (130, 36, 88, 'work', 120, '2026-04-18 15:04:45', 0);
INSERT INTO activity_logs (log_id, user_id, task_id, category, duration, logged_at, archived) VALUES (131, 36, 88, 'work', 25, '2026-04-18 15:05:47', 0);
INSERT INTO activity_logs (log_id, user_id, task_id, category, duration, logged_at, archived) VALUES (132, 36, 88, 'work', 25, '2026-04-18 15:06:10', 0);
INSERT INTO activity_logs (log_id, user_id, task_id, category, duration, logged_at, archived) VALUES (133, 37, 89, 'school', 25, '2026-04-18 15:06:02', 0);
INSERT INTO activity_logs (log_id, user_id, task_id, category, duration, logged_at, archived) VALUES (134, 37, 89, 'school', 45, '2026-04-18 15:04:48', 0);
INSERT INTO activity_logs (log_id, user_id, task_id, category, duration, logged_at, archived) VALUES (135, 37, 90, 'school', 45, '2026-04-18 15:04:46', 0);
INSERT INTO activity_logs (log_id, user_id, task_id, category, duration, logged_at, archived) VALUES (136, 37, 90, 'school', 45, '2026-04-18 15:06:09', 1);
INSERT INTO activity_logs (log_id, user_id, task_id, category, duration, logged_at, archived) VALUES (137, 37, 90, 'school', 45, '2026-04-18 15:06:17', 0);
INSERT INTO activity_logs (log_id, user_id, task_id, category, duration, logged_at, archived) VALUES (138, 37, 91, 'school', 25, '2026-04-18 15:06:51', 0);
INSERT INTO activity_logs (log_id, user_id, task_id, category, duration, logged_at, archived) VALUES (139, 37, 94, 'school', 45, '2026-04-18 15:07:05', 0);
INSERT INTO activity_logs (log_id, user_id, task_id, category, duration, logged_at, archived) VALUES (140, 37, 94, 'school', 120, '2026-04-18 15:04:32', 0);
INSERT INTO activity_logs (log_id, user_id, task_id, category, duration, logged_at, archived) VALUES (141, 37, 95, 'work', 30, '2026-04-18 15:05:44', 0);
INSERT INTO activity_logs (log_id, user_id, task_id, category, duration, logged_at, archived) VALUES (142, 37, 95, 'work', 120, '2026-04-18 15:06:50', 1);
INSERT INTO activity_logs (log_id, user_id, task_id, category, duration, logged_at, archived) VALUES (143, 37, 95, 'work', 25, '2026-04-18 15:06:40', 0);
INSERT INTO activity_logs (log_id, user_id, task_id, category, duration, logged_at, archived) VALUES (144, 37, 96, 'extracurricular', 120, '2026-04-18 15:06:10', 0);
INSERT INTO activity_logs (log_id, user_id, task_id, category, duration, logged_at, archived) VALUES (145, 37, 96, 'extracurricular', 15, '2026-04-18 15:07:28', 0);
INSERT INTO activity_logs (log_id, user_id, task_id, category, duration, logged_at, archived) VALUES (146, 38, 97, 'extracurricular', 30, '2026-04-18 15:05:13', 0);
INSERT INTO activity_logs (log_id, user_id, task_id, category, duration, logged_at, archived) VALUES (147, 38, 99, 'personal', 60, '2026-04-18 15:06:03', 0);
INSERT INTO activity_logs (log_id, user_id, task_id, category, duration, logged_at, archived) VALUES (148, 38, 99, 'personal', 60, '2026-04-18 15:06:33', 0);
INSERT INTO activity_logs (log_id, user_id, task_id, category, duration, logged_at, archived) VALUES (149, 38, 99, 'personal', 60, '2026-04-18 15:05:00', 0);
INSERT INTO activity_logs (log_id, user_id, task_id, category, duration, logged_at, archived) VALUES (150, 39, 101, 'school', 15, '2026-04-18 15:05:18', 0);
INSERT INTO activity_logs (log_id, user_id, task_id, category, duration, logged_at, archived) VALUES (151, 39, 102, 'school', 60, '2026-04-18 15:05:18', 0);
INSERT INTO activity_logs (log_id, user_id, task_id, category, duration, logged_at, archived) VALUES (152, 39, 102, 'school', 120, '2026-04-18 15:04:56', 1);
INSERT INTO activity_logs (log_id, user_id, task_id, category, duration, logged_at, archived) VALUES (153, 39, 103, 'school', 60, '2026-04-18 15:05:00', 1);
INSERT INTO activity_logs (log_id, user_id, task_id, category, duration, logged_at, archived) VALUES (154, 39, 103, 'school', 15, '2026-04-18 15:05:19', 1);
INSERT INTO activity_logs (log_id, user_id, task_id, category, duration, logged_at, archived) VALUES (155, 39, 103, 'school', 30, '2026-04-18 15:05:23', 0);
INSERT INTO activity_logs (log_id, user_id, task_id, category, duration, logged_at, archived) VALUES (156, 39, 104, 'school', 25, '2026-04-18 15:06:50', 0);
INSERT INTO activity_logs (log_id, user_id, task_id, category, duration, logged_at, archived) VALUES (157, 39, 104, 'school', 60, '2026-04-18 15:05:35', 1);
INSERT INTO activity_logs (log_id, user_id, task_id, category, duration, logged_at, archived) VALUES (158, 39, 104, 'school', 60, '2026-04-18 15:07:19', 0);
INSERT INTO activity_logs (log_id, user_id, task_id, category, duration, logged_at, archived) VALUES (159, 39, 105, 'school', 60, '2026-04-18 15:06:39', 0);
INSERT INTO activity_logs (log_id, user_id, task_id, category, duration, logged_at, archived) VALUES (160, 39, 105, 'school', 30, '2026-04-18 15:05:59', 0);
INSERT INTO activity_logs (log_id, user_id, task_id, category, duration, logged_at, archived) VALUES (161, 39, 105, 'school', 60, '2026-04-18 15:06:21', 0);
INSERT INTO activity_logs (log_id, user_id, task_id, category, duration, logged_at, archived) VALUES (162, 39, 106, 'school', 90, '2026-04-18 15:05:52', 0);
INSERT INTO activity_logs (log_id, user_id, task_id, category, duration, logged_at, archived) VALUES (163, 39, 106, 'school', 45, '2026-04-18 15:04:54', 0);
INSERT INTO activity_logs (log_id, user_id, task_id, category, duration, logged_at, archived) VALUES (164, 39, 106, 'school', 30, '2026-04-18 15:04:31', 0);
INSERT INTO activity_logs (log_id, user_id, task_id, category, duration, logged_at, archived) VALUES (165, 39, 108, 'personal', 60, '2026-04-18 15:05:41', 0);
INSERT INTO activity_logs (log_id, user_id, task_id, category, duration, logged_at, archived) VALUES (166, 39, 108, 'personal', 90, '2026-04-18 15:07:01', 0);
INSERT INTO activity_logs (log_id, user_id, task_id, category, duration, logged_at, archived) VALUES (167, 39, 108, 'personal', 90, '2026-04-18 15:05:38', 1);
INSERT INTO activity_logs (log_id, user_id, task_id, category, duration, logged_at, archived) VALUES (168, 39, 109, 'extracurricular', 30, '2026-04-18 15:07:05', 0);
INSERT INTO activity_logs (log_id, user_id, task_id, category, duration, logged_at, archived) VALUES (169, 39, 109, 'extracurricular', 120, '2026-04-18 15:05:49', 0);
INSERT INTO activity_logs (log_id, user_id, task_id, category, duration, logged_at, archived) VALUES (170, 39, 109, 'extracurricular', 60, '2026-04-18 15:05:47', 0);
INSERT INTO activity_logs (log_id, user_id, task_id, category, duration, logged_at, archived) VALUES (171, 39, 111, 'extracurricular', 25, '2026-04-18 15:06:58', 0);
INSERT INTO activity_logs (log_id, user_id, task_id, category, duration, logged_at, archived) VALUES (172, 39, 111, 'extracurricular', 90, '2026-04-18 15:06:27', 0);
INSERT INTO activity_logs (log_id, user_id, task_id, category, duration, logged_at, archived) VALUES (173, 39, 111, 'extracurricular', 120, '2026-04-18 15:06:16', 0);
INSERT INTO activity_logs (log_id, user_id, task_id, category, duration, logged_at, archived) VALUES (174, 40, 112, 'school', 15, '2026-04-18 15:05:24', 0);
INSERT INTO activity_logs (log_id, user_id, task_id, category, duration, logged_at, archived) VALUES (175, 40, 114, 'work', 15, '2026-04-18 15:06:18', 0);
INSERT INTO activity_logs (log_id, user_id, task_id, category, duration, logged_at, archived) VALUES (176, 40, 115, 'personal', 25, '2026-04-18 15:06:35', 0);
INSERT INTO activity_logs (log_id, user_id, task_id, category, duration, logged_at, archived) VALUES (177, 40, 115, 'personal', 25, '2026-04-18 15:05:56', 0);
INSERT INTO activity_logs (log_id, user_id, task_id, category, duration, logged_at, archived) VALUES (178, 40, 115, 'personal', 120, '2026-04-18 15:05:01', 0);
INSERT INTO activity_logs (log_id, user_id, task_id, category, duration, logged_at, archived) VALUES (179, 40, 116, 'work', 120, '2026-04-18 15:05:41', 0);
INSERT INTO activity_logs (log_id, user_id, task_id, category, duration, logged_at, archived) VALUES (180, 40, 116, 'work', 90, '2026-04-18 15:05:27', 1);
INSERT INTO activity_logs (log_id, user_id, task_id, category, duration, logged_at, archived) VALUES (181, 40, 116, 'work', 25, '2026-04-18 15:06:42', 0);
INSERT INTO activity_logs (log_id, user_id, task_id, category, duration, logged_at, archived) VALUES (182, 40, 117, 'extracurricular', 90, '2026-04-18 15:06:23', 0);
INSERT INTO activity_logs (log_id, user_id, task_id, category, duration, logged_at, archived) VALUES (183, 40, 117, 'extracurricular', 45, '2026-04-18 15:07:24', 0);
INSERT INTO activity_logs (log_id, user_id, task_id, category, duration, logged_at, archived) VALUES (184, 40, 118, 'extracurricular', 45, '2026-04-18 15:06:50', 0);
INSERT INTO activity_logs (log_id, user_id, task_id, category, duration, logged_at, archived) VALUES (185, 41, 119, 'school', 60, '2026-04-18 15:05:28', 0);
INSERT INTO activity_logs (log_id, user_id, task_id, category, duration, logged_at, archived) VALUES (186, 41, 119, 'school', 120, '2026-04-18 15:05:20', 0);
INSERT INTO activity_logs (log_id, user_id, task_id, category, duration, logged_at, archived) VALUES (187, 41, 120, 'school', 60, '2026-04-18 15:06:51', 0);
INSERT INTO activity_logs (log_id, user_id, task_id, category, duration, logged_at, archived) VALUES (188, 41, 120, 'school', 25, '2026-04-18 15:05:35', 0);
INSERT INTO activity_logs (log_id, user_id, task_id, category, duration, logged_at, archived) VALUES (189, 41, 121, 'school', 25, '2026-04-18 15:07:17', 0);
INSERT INTO activity_logs (log_id, user_id, task_id, category, duration, logged_at, archived) VALUES (190, 41, 121, 'school', 30, '2026-04-18 15:05:05', 0);
INSERT INTO activity_logs (log_id, user_id, task_id, category, duration, logged_at, archived) VALUES (191, 41, 122, 'school', 90, '2026-04-18 15:07:29', 0);
INSERT INTO activity_logs (log_id, user_id, task_id, category, duration, logged_at, archived) VALUES (192, 41, 123, 'school', 45, '2026-04-18 15:05:02', 0);
INSERT INTO activity_logs (log_id, user_id, task_id, category, duration, logged_at, archived) VALUES (193, 41, 123, 'school', 120, '2026-04-18 15:06:48', 0);
INSERT INTO activity_logs (log_id, user_id, task_id, category, duration, logged_at, archived) VALUES (194, 41, 124, 'school', 15, '2026-04-18 15:04:34', 0);
INSERT INTO activity_logs (log_id, user_id, task_id, category, duration, logged_at, archived) VALUES (195, 41, 124, 'school', 60, '2026-04-18 15:06:40', 0);
INSERT INTO activity_logs (log_id, user_id, task_id, category, duration, logged_at, archived) VALUES (196, 41, 125, 'personal', 120, '2026-04-18 15:07:19', 0);
INSERT INTO activity_logs (log_id, user_id, task_id, category, duration, logged_at, archived) VALUES (197, 41, 125, 'personal', 120, '2026-04-18 15:05:07', 0);
INSERT INTO activity_logs (log_id, user_id, task_id, category, duration, logged_at, archived) VALUES (198, 41, 125, 'personal', 30, '2026-04-18 15:06:53', 1);
INSERT INTO activity_logs (log_id, user_id, task_id, category, duration, logged_at, archived) VALUES (199, 41, 127, 'work', 45, '2026-04-18 15:06:59', 0);
INSERT INTO activity_logs (log_id, user_id, task_id, category, duration, logged_at, archived) VALUES (200, 41, 127, 'work', 90, '2026-04-18 15:04:42', 0);
INSERT INTO activity_logs (log_id, user_id, task_id, category, duration, logged_at, archived) VALUES (201, 41, 128, 'work', 120, '2026-04-18 15:07:02', 0);
INSERT INTO activity_logs (log_id, user_id, task_id, category, duration, logged_at, archived) VALUES (202, 41, 129, 'work', 25, '2026-04-18 15:06:53', 1);
INSERT INTO activity_logs (log_id, user_id, task_id, category, duration, logged_at, archived) VALUES (203, 41, 129, 'work', 90, '2026-04-18 15:06:31', 0);
INSERT INTO activity_logs (log_id, user_id, task_id, category, duration, logged_at, archived) VALUES (204, 42, 130, 'school', 15, '2026-04-18 15:04:55', 0);
INSERT INTO activity_logs (log_id, user_id, task_id, category, duration, logged_at, archived) VALUES (205, 42, 131, 'school', 90, '2026-04-18 15:05:24', 0);
INSERT INTO activity_logs (log_id, user_id, task_id, category, duration, logged_at, archived) VALUES (206, 42, 133, 'school', 30, '2026-04-18 15:05:15', 0);
INSERT INTO activity_logs (log_id, user_id, task_id, category, duration, logged_at, archived) VALUES (207, 42, 133, 'school', 15, '2026-04-18 15:04:57', 0);
INSERT INTO activity_logs (log_id, user_id, task_id, category, duration, logged_at, archived) VALUES (208, 42, 133, 'school', 25, '2026-04-18 15:05:46', 1);
INSERT INTO activity_logs (log_id, user_id, task_id, category, duration, logged_at, archived) VALUES (209, 42, 134, 'school', 45, '2026-04-18 15:05:37', 0);
INSERT INTO activity_logs (log_id, user_id, task_id, category, duration, logged_at, archived) VALUES (210, 42, 135, 'work', 45, '2026-04-18 15:05:50', 0);
INSERT INTO activity_logs (log_id, user_id, task_id, category, duration, logged_at, archived) VALUES (211, 42, 135, 'work', 120, '2026-04-18 15:06:17', 0);
INSERT INTO activity_logs (log_id, user_id, task_id, category, duration, logged_at, archived) VALUES (212, 42, 135, 'work', 30, '2026-04-18 15:06:14', 0);
INSERT INTO activity_logs (log_id, user_id, task_id, category, duration, logged_at, archived) VALUES (213, 43, 138, 'school', 60, '2026-04-18 15:06:06', 0);
INSERT INTO activity_logs (log_id, user_id, task_id, category, duration, logged_at, archived) VALUES (214, 43, 140, 'school', 45, '2026-04-18 15:07:16', 0);
INSERT INTO activity_logs (log_id, user_id, task_id, category, duration, logged_at, archived) VALUES (215, 43, 141, 'personal', 15, '2026-04-18 15:07:06', 0);
INSERT INTO activity_logs (log_id, user_id, task_id, category, duration, logged_at, archived) VALUES (216, 43, 142, 'extracurricular', 120, '2026-04-18 15:05:45', 0);
INSERT INTO activity_logs (log_id, user_id, task_id, category, duration, logged_at, archived) VALUES (217, 43, 142, 'extracurricular', 90, '2026-04-18 15:04:36', 0);
INSERT INTO activity_logs (log_id, user_id, task_id, category, duration, logged_at, archived) VALUES (218, 43, 142, 'extracurricular', 30, '2026-04-18 15:07:24', 0);
INSERT INTO activity_logs (log_id, user_id, task_id, category, duration, logged_at, archived) VALUES (219, 43, 144, 'personal', 60, '2026-04-18 15:06:36', 0);
INSERT INTO activity_logs (log_id, user_id, task_id, category, duration, logged_at, archived) VALUES (220, 43, 144, 'personal', 30, '2026-04-18 15:06:56', 0);
INSERT INTO activity_logs (log_id, user_id, task_id, category, duration, logged_at, archived) VALUES (221, 43, 145, 'extracurricular', 25, '2026-04-18 15:06:16', 0);
INSERT INTO activity_logs (log_id, user_id, task_id, category, duration, logged_at, archived) VALUES (222, 43, 145, 'extracurricular', 45, '2026-04-18 15:07:14', 0);
INSERT INTO activity_logs (log_id, user_id, task_id, category, duration, logged_at, archived) VALUES (223, 43, 145, 'extracurricular', 120, '2026-04-18 15:04:49', 1);
INSERT INTO activity_logs (log_id, user_id, task_id, category, duration, logged_at, archived) VALUES (224, 44, 146, 'school', 90, '2026-04-18 15:05:14', 0);
INSERT INTO activity_logs (log_id, user_id, task_id, category, duration, logged_at, archived) VALUES (225, 44, 147, 'extracurricular', 90, '2026-04-18 15:06:29', 1);
INSERT INTO activity_logs (log_id, user_id, task_id, category, duration, logged_at, archived) VALUES (226, 44, 147, 'extracurricular', 90, '2026-04-18 15:04:59', 0);
INSERT INTO activity_logs (log_id, user_id, task_id, category, duration, logged_at, archived) VALUES (227, 44, 148, 'work', 60, '2026-04-18 15:06:20', 0);
INSERT INTO activity_logs (log_id, user_id, task_id, category, duration, logged_at, archived) VALUES (228, 44, 148, 'work', 25, '2026-04-18 15:06:11', 1);

SET FOREIGN_KEY_CHECKS = 1;