enrollment_id,user_id,course_id,enrolled_at
1,25,5,2026-04-18 15:06:22
2,25,7,2026-04-18 15:05:33
3,25,8,2026-04-18 15:05:54
4,25,2,2026-04-18 15:01:37
5,26,15,2026-04-18 15:05:10
6,26,14,2026-04-18 15:03:09
7,27,10,2026-04-18 15:06:09
8,28,25,2026-04-18 15:05:30
9,29,20,2026-04-18 15:05:49
10,30,9,2026-04-18 15:05:33
11,30,10,2026-04-18 15:02:50
12,30,3,2026-04-18 15:05:26
13,30,1,2026-04-18 15:02:02
14,31,38,2026-04-18 15:05:51
15,32,44,2026-04-18 15:05:47
16,33,34,2026-04-18 15:02:36
17,33,29,2026-04-18 15:05:34
18,34,43,2026-04-18 15:03:48
19,34,47,2026-04-18 15:03:01
20,35,49,2026-04-18 15:05:28
21,36,24,2026-04-18 15:02:38
22,36,21,2026-04-18 15:01:37
23,36,25,2026-04-18 15:02:27
24,37,4,2026-04-18 15:03:08
25,37,5,2026-04-18 15:05:49
26,37,7,2026-04-18 15:06:20
27,38,47,2026-04-18 15:02:53
28,38,46,2026-04-18 15:04:42
29,39,21,2026-04-18 15:03:29
30,39,20,2026-04-18 15:06:24
31,39,23,2026-04-18 15:04:10
32,40,44,2026-04-18 15:06:11
33,41,41,2026-04-18 15:02:04
34,41,39,2026-04-18 15:06:21
35,42,33,2026-04-18 15:02:23
36,42,29,2026-04-18 15:06:18
37,43,48,2026-04-18 15:02:49
38,43,45,2026-04-18 15:02:02
39,44,18,2026-04-18 15:03:40
40,44,15,2026-04-18 15:05:08
